"view_count","reply_count","retweet_count","favorite_count","quote_count","created_at"
"2092053","906","1266","15865","70","2023-04-28T15:33:38.000Z"
"3677791","1020","2477","23086","219","2023-04-28T13:53:10.000Z"
"6301548","2245","3986","36381","310","2023-04-27T13:50:48.000Z"
"5280336","1096","3029","30927","222","2023-04-27T13:41:42.000Z"
"36136694","14449","14752","117892","1647","2023-04-27T15:01:59.000Z"
"3032985","2470","1152","19553","156","2023-04-27T06:53:56.000Z"
"1382220","502","555","4887","25","2023-04-27T06:49:06.000Z"
"12670614","2901","5541","68919","337","2023-04-27T06:48:38.000Z"
"16726077","8896","12723","136914","965","2023-04-27T05:08:44.000Z"
"11883612","9073","10823","98613","1103","2023-04-27T04:29:39.000Z"
"5271783","1965","2653","16945","217","2023-04-25T19:57:31.000Z"
"53699050","37783","20081","303652","8379","2023-04-25T05:20:46.000Z"
"15251781","10045","11062","111858","1036","2023-04-25T05:13:22.000Z"
"13237976","13005","9834","107671","1405","2023-04-25T03:30:39.000Z"
"23734400","10706","35208","375830","2325","2023-04-25T01:36:55.000Z"
"1044306","399","880","8163","109","2023-04-27T13:14:44.000Z"
"347389","141","280","2961","29","2023-04-24T19:57:39.000Z"
"598501","170","549","4783","38","2023-04-24T19:49:37.000Z"
"1465850","389","1165","7172","107","2023-04-24T19:48:21.000Z"
"1401759","522","943","8881","74","2023-04-24T00:45:35.000Z"
"7210764","2651","4567","35998","356","2023-04-22T15:08:07.000Z"
"1347429","481","906","10244","117","2023-04-20T22:28:08.000Z"
"941611","223","355","3832","23","2023-04-20T16:41:29.000Z"
"1093967","310","745","5717","67","2023-04-19T21:48:30.000Z"
"5963549","1337","2641","15204","129","2023-04-18T15:59:43.000Z"
"734484","188","598","4922","60","2023-04-18T13:46:13.000Z"
"1357796","247","440","4014","23","2023-04-16T00:17:59.000Z"
"15768996","4446","15895","146884","1234","2023-04-20T16:37:02.000Z"
"2389946","623","1880","15461","179","2023-03-17T18:26:42.000Z"
"7511075","2651","4475","60376","461","2023-03-16T19:15:52.000Z"
"591160","153","503","6297","36","2023-03-15T19:22:42.000Z"
"598344","84","382","4961","11","2023-03-15T19:22:40.000Z"
"1273459","274","1194","11454","87","2023-03-15T19:22:38.000Z"
"523180","79","256","3235","17","2023-03-14T21:47:27.000Z"
"1346087","295","890","9418","67","2023-03-14T21:47:16.000Z"
"18205789","5142","9889","116632","390","2023-04-15T20:42:55.000Z"
"15819531","5762","6877","86241","602","2023-04-15T20:42:04.000Z"
"21837038","5263","11647","127441","946","2023-04-15T20:40:01.000Z"
"3998026","351","1029","10752","38","2023-04-15T20:09:36.000Z"
"47583071","13001","37193","554698","2220","2023-04-15T18:24:46.000Z"
"8076656","3575","13408","125619","549","2023-04-15T17:59:40.000Z"
"52560065","18167","59138","434744","3142","2023-04-15T17:55:08.000Z"
"10987745","6220","4071","39525","1841","2023-04-15T17:01:28.000Z"
"5475861","481","2704","14057","80","2023-04-15T14:45:39.000Z"
"8455655","1270","1631","32013","112","2023-04-15T16:49:38.000Z"
"5301930","2375","2114","41025","270","2023-04-15T16:14:02.000Z"
"31878315","10072","13662","187695","1497","2023-04-15T16:12:29.000Z"
"4912340","630","2772","27455","123","2023-04-15T09:41:21.000Z"
"4264931","589","1560","18442","248","2023-02-27T04:25:20.000Z"
"6116146","1503","3561","39352","179","2023-02-24T23:18:54.000Z"
"1271033","390","779","8072","132","2023-02-23T23:51:32.000Z"
"5342840","1473","2154","22835","211","2023-02-23T03:21:24.000Z"
"760875","65","308","3847","4","2023-02-23T03:21:23.000Z"
"305460","64","254","3560","9","2023-02-23T03:19:48.000Z"
"6306740","545","1869","20961","108","2023-02-23T03:19:45.000Z"
"1277544","305","1249","5438","84","2023-02-23T03:02:47.000Z"
"5211334","697","2465","22982","124","2023-04-15T06:51:26.000Z"
"4774011","659","2983","24302","286","2023-04-15T06:49:00.000Z"
"7383047","1793","3161","28361","359","2023-04-12T19:32:53.000Z"
"5625048","1577","2502","18030","313","2023-04-12T21:41:44.000Z"
"3409586","268","879","7695","45","2023-04-15T05:27:26.000Z"
"35151659","9726","19225","261841","1263","2023-04-15T00:06:27.000Z"
"4213485","461","1200","8053","92","2023-04-14T20:14:09.000Z"
"30482466","8371","15935","168044","896","2023-04-14T23:46:49.000Z"
"3201975","334","691","6538","48","2023-04-14T23:37:11.000Z"
"3326009","251","764","7233","65","2023-04-14T23:37:10.000Z"
"4420715","912","2361","20469","96","2023-04-14T15:33:59.000Z"
"58642417","16955","45157","572636","4846","2023-04-14T11:15:55.000Z"
"6331410","2149","2293","37460","121","2023-04-14T08:04:20.000Z"
"32545004","18164","11748","165163","1961","2023-04-14T08:02:43.000Z"
"4801268","867","2533","16349","140","2023-04-14T06:35:56.000Z"
"6479282","517","1343","14180","63","2023-02-23T02:21:00.000Z"
"11891549","2945","2486","15066","4240","2023-04-14T00:41:19.000Z"
"1685982","208","454","3540","29","2023-02-22T20:54:45.000Z"
"16532387","4414","10718","100458","1113","2023-04-13T17:20:39.000Z"
"5734897","2441","3447","17853","429","2023-02-22T19:30:32.000Z"
"29273309","7233","12190","111913","2060","2023-04-13T17:07:44.000Z"
"1662749","286","597","5067","154","2023-02-22T18:46:14.000Z"
"17780089","9913","9288","107885","1256","2023-04-13T16:25:30.000Z"
"3790865","1186","3459","17912","155","2023-04-13T03:50:43.000Z"
"498164","64","183","2526","8","2023-02-21T17:29:54.000Z"
"1347100","202","807","5605","46","2023-02-21T17:28:39.000Z"
"11939509","5907","11084","81209","752","2023-04-13T00:06:22.000Z"
"9191551","1526","3565","22521","536","2023-04-12T21:15:31.000Z"
"943291","123","337","3130","14","2023-02-20T14:22:05.000Z"
"5860414","3441","7466","90214","264","2023-04-12T19:08:02.000Z"
"2878109","794","1826","12632","273","2023-02-17T01:14:20.000Z"
"16520945","5666","12019","120035","451","2023-04-12T19:07:08.000Z"
"3995166","596","1142","9324","302","2023-02-15T10:07:23.000Z"
"59005546","826","2623","17073","482","2023-02-14T21:36:34.000Z"
"9627890","1190","2389","26145","168","2023-02-14T07:56:55.000Z"
"613292","117","421","4696","32","2023-02-13T19:55:54.000Z"
"1162543","117","491","5344","36","2023-02-13T19:54:46.000Z"
"435374","60","325","4029","34","2023-02-13T19:47:20.000Z"
"378363","61","296","3910","20","2023-02-13T19:44:28.000Z"
"21705901","9420","28292","174541","1512","2023-04-12T19:05:30.000Z"
"398074","104","405","4901","46","2023-02-13T19:43:29.000Z"
"9709327","916","1981","22480","129","2023-02-13T19:43:29.000Z"
"678634","168","346","3503","17","2023-02-11T16:07:21.000Z"
"11215901","1371","3641","34079","239","2023-02-11T16:07:20.000Z"
"1550199","613","1428","13225","150","2023-02-10T23:15:20.000Z"
"2099148","292","505","6610","41","2023-02-10T17:16:29.000Z"
"2498543","431","1280","13130","88","2023-02-08T20:23:42.000Z"
,"0","19367","0","0","2023-02-08T09:05:20.000Z"
"818704","133","529","4106","26","2023-02-07T17:38:51.000Z"
"9401813","1865","5116","45584","370","2023-02-03T21:50:55.000Z"
"486738","489","632","4143","40","2023-02-01T20:35:24.000Z"
"3348345","1348","2709","35506","244","2023-02-01T14:32:57.000Z"
"6506159","2229","4283","40108","373","2023-01-31T23:25:52.000Z"
"19749475","12294","11558","228600","1344","2023-01-31T19:04:49.000Z"
"14285183","8108","8991","170615","1066","2023-01-26T03:04:55.000Z"
"4036401","1165","2934","17899","141","2023-01-25T22:31:40.000Z"
"399402","108","436","3759","34","2023-01-25T21:45:14.000Z"
"13485307","14787","28930","240034","2807","2023-04-12T18:54:34.000Z"
"41153196","16029","14418","165736","2386","2023-04-12T18:53:35.000Z"
"6358174","1349","5062","41699","300","2023-04-12T16:44:34.000Z"
"40180104","30054","54588","326045","5574","2023-04-12T16:22:49.000Z"
"10149897","3317","3267","46186","332","2023-04-12T05:39:30.000Z"
"47863495","12190","14606","235776","1259","2023-04-12T07:41:35.000Z"
"27741710","12181","23681","174932","2970","2023-04-12T07:25:42.000Z"
"13509726","6452","5907","64526","555","2023-04-12T03:19:16.000Z"
"8686243","2124","6206","46690","610","2023-04-11T19:45:15.000Z"
"43196849","21205","17013","212342","5409","2023-04-11T18:55:18.000Z"
"7339064","959","3809","34020","306","2023-04-11T15:09:30.000Z"
"51824947","36075","17364","189920","6009","2023-04-11T07:03:45.000Z"
"18490298","18631","12443","152274","1845","2023-04-10T23:11:08.000Z"
"11049754","5796","6955","67950","523","2023-04-10T21:04:11.000Z"
"533862","210","443","4327","39","2023-01-25T21:44:22.000Z"
"13573706","7321","6421","81452","774","2023-04-10T19:13:38.000Z"
"234487","43","197","2869","9","2023-01-25T21:40:04.000Z"
"11511985","6674","4326","64679","608","2023-04-10T16:08:05.000Z"
"189099","53","250","3041","12","2023-01-25T21:40:03.000Z"
"32866023","7979","26243","243044","2027","2023-04-10T15:52:03.000Z"
"4306867","1159","3388","26977","256","2023-01-25T21:40:03.000Z"
"33276006","16707","14439","166618","2843","2023-04-10T14:32:30.000Z"
"4517573","947","2486","20852","136","2023-01-25T16:31:48.000Z"
"10612962","4853","6378","72608","590","2023-04-10T13:27:08.000Z"
"3348208","931","2284","23301","122","2023-01-24T22:41:20.000Z"
"10032291","5333","5714","112400","658","2023-04-10T04:05:12.000Z"
"3044262","583","1819","19919","73","2023-01-24T22:41:06.000Z"
"65729253","19153","24149","364378","5402","2023-04-10T03:23:01.000Z"
"14620219","1840","5982","50011","813","2023-01-24T22:41:06.000Z"
"6927441","1118","2418","21950","193","2023-04-09T21:02:55.000Z"
"457070","103","262","3084","9","2023-01-20T23:15:17.000Z"
"10707620","2932","4133","59835","238","2023-04-09T22:21:52.000Z"
"588797","211","291","3675","9","2023-01-20T23:15:16.000Z"
"11618461","5095","6094","58815","503","2023-04-09T22:00:23.000Z"
"18633287","9425","16814","266367","1073","2023-04-09T21:44:20.000Z"
"2509215","557","1465","13381","79","2023-01-20T23:15:16.000Z"
"33330922","23092","22433","312046","1555","2023-04-09T18:10:58.000Z"
"20778369","6654","6383","59716","747","2023-04-09T17:27:07.000Z"
"331197","63","214","2047","11","2023-01-19T20:38:36.000Z"
"493975","94","324","3163","29","2023-01-19T20:38:28.000Z"
"289457","44","146","2136","10","2023-01-19T20:37:06.000Z"
"23012285","10583","14303","162668","1690","2023-04-09T06:07:02.000Z"
"209329","43","132","1930","8","2023-01-19T20:34:17.000Z"
"13310040","7341","11845","145759","770","2023-04-09T05:15:30.000Z"
"3681714","929","1804","16872","92","2023-01-19T20:34:09.000Z"
"29816429","10634","13611","311388","1443","2023-04-09T01:26:49.000Z"
"303459","99","326","2567","9","2023-01-19T18:35:22.000Z"
"17447854","8923","21288","149190","1612","2023-04-09T00:32:27.000Z"
"983623","126","440","3497","13","2023-01-19T18:35:21.000Z"
"33120796","10741","21780","254593","1905","2023-04-08T11:00:04.000Z"
"310985","70","276","2096","3","2023-01-18T16:04:46.000Z"
"19689574","7968","17048","195408","1544","2023-04-08T09:17:07.000Z"
"11204757","2140","2326","24042","339","2023-04-07T20:09:24.000Z"
"5347849","1479","1362","19233","190","2023-04-08T01:00:18.000Z"
"379647","73","283","2774","8","2023-01-18T16:04:46.000Z"
"9410867","3320","3369","48100","254","2023-04-08T00:58:10.000Z"
"185117","21","148","1804","6","2023-01-18T16:03:08.000Z"
"15004500","5454","9582","91891","655","2023-04-07T18:01:06.000Z"
"132776","15","105","1479","0","2023-01-18T16:03:08.000Z"
"5560552","1402","3995","30056","215","2023-04-07T16:04:46.000Z"
"166930","44","153","1961","6","2023-01-18T16:03:07.000Z"
"5932919","1581","3648","29259","193","2023-04-07T05:03:25.000Z"
"3522440","1352","2769","23633","197","2023-01-18T16:03:05.000Z"
"5241889","991","2959","25899","180","2023-04-07T04:40:52.000Z"
"3956304","1315","1940","19376","152","2023-01-13T13:45:02.000Z"
"4047121","1337","1999","18470","94","2023-01-13T13:45:02.000Z"
"906930","172","586","4688","42","2023-01-12T21:51:42.000Z"
"1699264","242","648","5009","43","2023-01-11T20:52:49.000Z"
"1187030","417","895","8055","86","2023-01-11T19:58:23.000Z"
"563416","127","420","3705","17","2023-01-11T10:08:01.000Z"
"6089161","1589","3732","28716","298","2023-01-11T10:08:00.000Z"
"578447","212","352","5339","14","2023-01-10T20:35:50.000Z"
"2943121","663","1645","15198","162","2023-01-10T20:35:49.000Z"
"3235862","482","1166","11760","102","2023-01-10T14:58:50.000Z"
"6455460","1415","2411","21942","157","2023-01-09T16:37:46.000Z"
"30156114","1335","2124","16769","297","2023-01-07T21:38:50.000Z"
"611960","115","451","5301","19","2023-01-07T17:03:37.000Z"
"991271","214","1028","9629","87","2023-01-07T17:03:07.000Z"
"683372","127","664","8187","56","2023-01-07T16:55:27.000Z"
"543371","53","286","4654","14","2023-01-07T16:55:26.000Z"
"530383","72","254","4364","6","2023-01-07T16:55:26.000Z"
"523424","66","249","4303","12","2023-01-07T16:55:25.000Z"
"29585019","2009","4366","38558","447","2023-01-07T16:52:38.000Z"
"6177649","1340","2796","23836","157","2023-01-05T11:20:51.000Z"
"1433227","306","609","6338","31","2023-01-05T10:59:53.000Z"
"25673259","16725","7208","52842","616","2023-01-04T00:36:33.000Z"
"1667768","520","1094","8453","79","2023-01-02T18:06:36.000Z"
"2752321","637","1103","10548","132","2023-01-02T18:05:31.000Z"
"3359062","1299","791","11343","101","2023-01-01T15:31:41.000Z"
"1036765","91","322","3096","13","2022-12-31T19:35:51.000Z"
"1609534","290","595","5788","46","2022-12-31T19:35:51.000Z"
"705037","258","633","7816","34","2022-12-29T19:56:29.000Z"
"1737619","138","656","6998","79","2022-12-29T19:56:29.000Z"
"343132","31","296","4431","9","2022-12-29T19:56:29.000Z"
"366956","42","351","4647","24","2022-12-29T19:56:28.000Z"
"329365","69","362","4753","19","2022-12-29T19:52:05.000Z"
"406345","47","428","5113","19","2022-12-29T19:52:04.000Z"
"4763417","798","3013","24817","169","2023-04-07T04:30:48.000Z"
"424230","82","441","5557","26","2022-12-29T19:52:04.000Z"
"4633572","710","1104","10438","75","2023-04-07T01:51:43.000Z"
"9159596","2818","4860","49202","425","2022-12-29T19:44:15.000Z"
"18027282","6730","10229","88237","811","2023-04-06T21:52:44.000Z"
"6776672","2162","4002","38318","255","2022-12-28T16:08:15.000Z"
"21833196","12879","23741","235195","2164","2023-04-06T07:10:55.000Z"
"8294903","1618","4330","26272","586","2023-04-06T00:04:54.000Z"
"8141205","2938","4303","40738","367","2022-12-27T22:54:10.000Z"
"12812853","3079","5427","71468","461","2022-12-25T18:28:37.000Z"
"29672717","12573","18855","207647","1540","2023-04-04T23:15:03.000Z"
"631665","113","263","3783","11","2022-12-24T21:28:53.000Z"
"54207712","18280","58159","559609","3027","2023-04-04T18:52:32.000Z"
"1146568","412","995","11459","100","2022-12-24T21:28:50.000Z"
"34080777","19056","16280","292659","1861","2023-04-03T20:17:23.000Z"
"80865680","26284","57243","765928","15405","2023-04-03T19:44:24.000Z"
"75150507","32487","84008","906878","16619","2023-04-03T18:50:20.000Z"
"26802312","13723","14932","200202","1916","2023-04-03T13:29:00.000Z"
"29333666","9784","34910","430570","1836","2023-04-03T02:08:44.000Z"
"18299944","4238","6218","64512","346","2023-04-02T21:58:49.000Z"
"41871069","17953","29998","578146","2118","2023-04-02T19:49:26.000Z"
"7469925","1232","4123","40202","258","2023-04-02T14:37:37.000Z"
"7022068","1128","4218","40874","202","2023-04-02T14:30:16.000Z"
"6723303","1275","2838","23705","217","2023-04-02T19:39:05.000Z"
"11891956","2785","5025","33313","206","2023-04-02T19:07:51.000Z"
"6223666","2732","2245","38096","168","2023-04-02T09:22:23.000Z"
"14003921","6502","7879","116691","521","2023-04-02T06:40:37.000Z"
"7812654","3860","7871","79981","652","2023-04-02T05:44:40.000Z"
"21689182","11949","29200","237708","2332","2023-04-02T05:16:04.000Z"
"8733511","2519","3068","41602","182","2023-04-02T05:01:40.000Z"
"46178394","23090","23055","510737","3110","2023-04-01T19:16:11.000Z"
"64235802","22597","14272","204222","1933","2023-04-01T16:53:08.000Z"
"5804685","1704","1929","18957","178","2023-04-01T08:42:39.000Z"
"2893270","368","1436","17020","126","2022-12-24T10:43:59.000Z"
"1067260","251","801","7117","61","2022-12-23T19:57:51.000Z"
"18608741","5856","6421","82386","666","2023-04-01T04:48:55.000Z"
"10691211","1662","3712","38229","137","2022-12-23T17:50:28.000Z"
"30882533","1494","3118","35264","479","2022-12-22T18:36:48.000Z"
"32448755","29361","31276","276401","4056","2023-04-01T03:10:07.000Z"
"13538589","8054","10761","103671","1326","2023-03-31T20:52:13.000Z"
"12899934","3564","7023","47512","570","2023-03-31T19:09:38.000Z"
"22845642","5086","20930","125046","3609","2023-03-31T18:55:30.000Z"
"20569417","3527","9051","67100","661","2023-03-31T18:46:19.000Z"
"13378887","20081","4428","137532","802","2023-03-31T17:53:33.000Z"
"76606809","51066","42962","938805","10800","2023-03-31T17:41:47.000Z"
"8842676","1202","2049","17037","324","2023-03-30T18:57:30.000Z"
"7735968","3380","3078","52508","256","2023-03-31T07:59:41.000Z"
"62828222","8818","18003","215922","3232","2023-03-31T05:56:45.000Z"
"119692575","33605","92741","595070","20179","2023-03-31T05:45:41.000Z"
"79612760","5767","8027","94049","1129","2023-03-31T02:36:34.000Z"
"57583517","17126","23473","227297","2945","2023-03-30T06:37:44.000Z"
"1395446","381","1200","9182","79","2022-12-22T17:31:51.000Z"
"34894002","1271","3512","35646","569","2022-12-21T15:45:49.000Z"
"9050513","1807","3007","27278","138","2022-12-20T15:48:30.000Z"
"7588154","1502","2724","25406","143","2022-12-19T20:51:18.000Z"
"8646925","1549","3482","36380","240","2022-12-19T20:51:16.000Z"
"21461294","2547","5456","88064","472","2022-12-18T20:50:40.000Z"
"5010539","1366","2896","23875","154","2022-12-15T22:08:16.000Z"
"7448020","1893","5086","37574","473","2022-12-15T22:08:08.000Z"
"6643833","2174","4290","52288","384","2022-12-15T19:55:33.000Z"
,"240","806","7786","226","2022-12-13T22:12:30.000Z"
,"313","1047","10545","204","2022-12-13T22:11:54.000Z"
,"15101","16168","214430","4419","2022-12-14T04:19:49.000Z"
"6784645","1367","3842","31232","266","2023-03-29T20:10:36.000Z"
"6386620","915","3559","30200","172","2023-03-29T20:01:51.000Z"
"5668617","604","2505","14317","305","2023-03-29T22:34:24.000Z"
"27697247","13203","8688","113122","3628","2023-03-28T19:38:23.000Z"
"28494067","7607","13288","172155","1831","2023-03-28T06:53:23.000Z"
"18726139","8207","6400","86123","824","2023-03-28T04:11:53.000Z"
"40700110","15365","30031","368889","2645","2023-03-28T03:22:28.000Z"
"10074010","4590","2241","32702","1961","2023-03-28T01:55:02.000Z"
"122702408","55781","23573","212644","72834","2023-03-27T23:54:57.000Z"
"30963915","10580","20423","292577","1379","2023-03-27T18:12:29.000Z"
"17807547","9774","5397","42816","1224","2023-03-27T10:59:56.000Z"
"32437295","13203","11067","115777","2193","2023-03-27T03:48:31.000Z"
"36935637","12391","9446","99979","2106","2023-03-27T03:05:24.000Z"
,"299","533","7406","80","2022-12-13T22:18:04.000Z"
"25042929","5580","10663","61952","601","2023-03-27T01:57:41.000Z"
,"235","616","9012","87","2022-12-13T22:16:58.000Z"
"2415196","1765","3459","37399","321","2022-12-13T22:16:29.000Z"
"9593105","1693","4565","35359","4958","2022-12-13T22:15:35.000Z"
,"2015","3280","42811","395","2022-12-13T22:11:51.000Z"
"64894310","12961","33001","465924","3524","2023-03-27T01:54:37.000Z"
"1530661","1719","2552","27781","146","2022-12-12T15:02:38.000Z"
"37063827","6621","9826","123814","536","2023-03-25T20:53:43.000Z"
,"205","370","4485","3","2022-12-09T18:43:56.000Z"
"28175764","6245","7712","86256","535","2023-03-24T22:38:20.000Z"
"6864597","1479","4105","37950","303","2023-03-24T15:52:16.000Z"
"6130576","1002","3528","31190","152","2023-03-24T15:43:59.000Z"
"30440965","10356","9194","128669","936","2023-03-24T22:16:08.000Z"
,"2126","3200","30785","220","2022-12-09T18:43:54.000Z"
"44866823","18024","31631","317473","2706","2023-03-24T09:38:38.000Z"
"17599057","10074","5599","44584","1007","2023-03-24T07:37:52.000Z"
,"858","1759","18722","94","2022-12-08T04:59:39.000Z"
,"562","1686","21565","51","2022-12-07T22:33:11.000Z"
,"1423","4286","50787","292","2022-12-07T22:33:07.000Z"
"594315","918","2649","22685","362","2022-12-02T01:38:34.000Z"
,"165","375","5213","15","2022-12-02T01:34:59.000Z"
"341249","339","1135","11568","58","2022-12-02T01:34:59.000Z"
"3751325","5616","9750","97005","1018","2022-12-02T01:33:26.000Z"
"18382360","2635","3216","26072","364","2023-03-24T07:01:55.000Z"
"12015998","2979","2787","38370","251","2023-03-24T06:55:12.000Z"
"33309740","10873","17302","147231","1718","2023-03-24T05:34:31.000Z"
"19482309","6104","8334","94490","780","2023-03-24T05:27:17.000Z"
"25029653","7250","7220","53255","846","2023-03-23T21:31:38.000Z"
"7088326","2093","3194","22829","382","2023-03-23T00:03:47.000Z"
"6158607","4714","3340","41694","243","2023-03-22T03:28:10.000Z"
"20661333","8116","9617","88265","843","2023-03-22T03:24:26.000Z"
"6629625","1947","2787","17984","498","2023-03-21T19:06:15.000Z"
"12251824","3311","2990","24833","200","2023-03-21T01:41:10.000Z"
"10035497","2930","6145","42203","602","2023-03-20T22:22:03.000Z"
"5999284","1507","1849","22906","142","2023-03-20T17:44:47.000Z"
"44206435","11634","26066","214949","2320","2023-03-20T17:44:16.000Z"
"37750882","10320","18661","236048","1383","2023-03-19T22:11:07.000Z"
"6108933","2702","2049","38542","195","2023-03-19T18:03:13.000Z"
"42396307","18922","24364","282669","4577","2023-03-19T17:50:41.000Z"
"28925230","9796","7200","89163","2270","2023-03-19T11:48:18.000Z"
"30746263","5245","15829","203373","1439","2023-03-19T10:23:24.000Z"
,"378","957","8997","123","2022-12-02T01:32:01.000Z"
"347861","282","966","8910","91","2022-12-02T01:27:51.000Z"
"378962","378","1529","14879","109","2022-12-02T01:27:19.000Z"
,"1402","3293","35100","319","2022-12-02T01:20:43.000Z"
,"2160","10584","19836","616","2022-12-02T00:46:30.000Z"
,"696","1454","11875","185","2022-12-01T19:21:12.000Z"
,"3493","4193","55863","228","2022-11-24T18:00:34.000Z"
"85309658","25667","59238","688953","7427","2023-03-19T10:19:02.000Z"
"20172352","6905","4109","52742","706","2023-03-19T05:55:01.000Z"
"43198845","9593","33276","400808","2204","2023-03-19T03:23:38.000Z"
"29599095","17122","23314","244442","2272","2023-03-18T23:31:48.000Z"
"63763281","23012","84388","600590","5175","2023-03-18T21:56:33.000Z"
"32650396","18014","16445","140073","4425","2023-03-18T21:04:43.000Z"
"31676478","6478","33827","110649","1192","2023-03-18T11:25:45.000Z"
"5402651","1109","2438","22627","195","2023-03-18T10:35:44.000Z"
"32020641","13129","22299","182051","3062","2023-03-18T10:34:40.000Z"
"26611035","6425","10806","133112","1210","2023-03-18T06:36:52.000Z"
"18557003","4773","8395","74679","1063","2023-03-18T02:36:46.000Z"
"23222550","3982","4795","55758","370","2023-03-18T01:35:38.000Z"
"28714328","15338","24444","169571","3338","2023-03-18T01:14:41.000Z"
"14937597","3059","5782","77949","375","2023-03-18T00:46:33.000Z"
"35172086","7987","25451","316349","1781","2023-03-18T00:38:32.000Z"
"45472557","8971","9425","270943","1483","2023-03-18T00:37:19.000Z"
"33115096","6670","45268","349802","1746","2023-03-17T22:05:29.000Z"
"4715035","2042","2645","39367","138","2023-03-17T22:00:05.000Z"
"22738415","8800","14184","100602","1536","2023-03-17T21:58:02.000Z"
"10120358","4855","7868","93751","1262","2023-03-17T21:16:06.000Z"
"29659994","6227","17536","151320","3277","2023-03-17T21:01:39.000Z"
"29149955","10448","12880","193678","1105","2023-03-16T22:51:22.000Z"
"19618270","9645","12293","124422","1729","2023-03-16T19:55:48.000Z"
,"11525","12709","171461","2658","2022-11-24T07:34:46.000Z"
,"2418","3069","31903","249","2022-11-22T18:00:02.000Z"
"18870408","7843","19206","163559","1178","2023-03-16T19:52:33.000Z"
,"3364","3423","42630","288","2022-11-21T23:02:29.000Z"
"5075476","2683","5752","54656","427","2022-11-20T02:04:35.000Z"
"36880887","24093","61664","379112","5159","2023-03-16T19:46:44.000Z"
"3489604","3257","4061","42622","396","2022-11-16T19:26:03.000Z"
,"4102","9527","110880","1415","2022-11-16T03:44:50.000Z"
"18768371","9404","12004","117977","1331","2023-03-16T19:41:37.000Z"
,"458","857","7104","75","2022-11-14T23:45:36.000Z"
,"2652","3246","33540","274","2022-11-11T22:59:50.000Z"
,"1787","2929","27112","217","2022-11-11T20:40:59.000Z"
"5184038","2786","1345","25781","200","2023-03-16T17:50:09.000Z"
,"1622","3278","28129","680","2022-11-11T18:10:17.000Z"
"35002458","17043","19372","165588","3866","2023-03-16T17:10:48.000Z"
"31378606","15598","9646","145028","2518","2023-03-16T16:44:11.000Z"
"552110","630","1275","11228","145","2022-11-08T16:27:19.000Z"
"27427510","16198","8011","112752","1664","2023-03-16T07:12:32.000Z"
"14594676","3373","2517","35044","286","2023-03-16T06:28:48.000Z"
"20271667","8164","11955","72096","1245","2023-03-16T00:29:27.000Z"
"22878536","5583","8459","73638","590","2023-03-15T19:29:12.000Z"
"34624127","14207","36560","431828","3008","2023-03-15T06:09:22.000Z"
"22743357","6879","19462","150888","1402","2023-03-15T05:24:26.000Z"
"18673751","7010","9845","101486","1050","2023-03-15T03:46:49.000Z"
"5400712","1017","3807","32598","150","2023-03-15T02:13:59.000Z"
"4687512","753","2131","19576","109","2023-03-15T00:43:49.000Z"
"36752370","13751","35341","171674","2313","2023-03-14T17:48:26.000Z"
,"315","762","6530","70","2022-11-07T16:24:25.000Z"
"3430382","3117","5192","51774","544","2022-11-07T16:24:23.000Z"
,"1270","1886","22257","124","2022-11-07T12:54:56.000Z"
,"1911","2431","27291","137","2022-11-05T21:40:12.000Z"
,"692","640","5946","123","2022-11-02T01:39:37.000Z"
"29804294","15239","14857","117678","1662","2023-03-14T17:09:31.000Z"
"58350596","8061","10377","80610","839","2023-03-14T05:17:16.000Z"
"10256496","1513","2070","19412","143","2023-03-13T17:54:20.000Z"
"26915431","7884","8308","106501","477","2023-03-12T03:02:47.000Z"
"6061066","1117","3040","19075","144","2023-03-12T00:58:05.000Z"
"24734362","8946","8734","91520","1172","2023-03-12T01:08:56.000Z"
"18840259","9774","7527","74908","1065","2023-03-11T11:46:47.000Z"
"6131340","1258","3122","25295","187","2023-03-11T07:49:09.000Z"
"4956032","877","2406","21112","120","2023-03-11T05:41:53.000Z"
"28699687","9651","15243","248075","1318","2023-03-11T05:07:57.000Z"
"52969971","28066","52322","439221","5377","2023-03-11T00:02:06.000Z"
"69983373","27374","90132","377520","4752","2023-03-10T23:31:04.000Z"
"50997554","22048","87096","326559","5589","2023-03-10T23:18:05.000Z"
"28113844","11215","6771","77255","1500","2023-03-10T00:16:05.000Z"
"18039448","6363","7723","116122","646","2023-03-09T22:52:24.000Z"
"6115023","975","3476","32724","150","2023-03-09T21:21:36.000Z"
"34700682","9940","32319","141623","1252","2023-03-09T17:04:16.000Z"
"19864697","5138","4529","92971","391","2023-03-09T09:50:55.000Z"
"42045635","16437","28023","368589","3257","2023-03-08T22:37:43.000Z"
"50578621","22624","26307","360527","3688","2023-03-08T21:56:55.000Z"
"7168357","4555","6026","44641","607","2023-03-08T00:16:28.000Z"
"5582306","1302","2143","18560","149","2023-03-07T20:04:16.000Z"
"4189326","2628","9182","132451","548","2022-10-31T20:45:08.000Z"
,"3900","4809","79066","393","2022-10-30T12:18:04.000Z"
"4897961","2898","6187","60844","432","2022-10-28T20:58:23.000Z"
,"303","570","5962","27","2022-10-27T16:24:05.000Z"
"232305","325","648","6251","93","2022-10-21T06:16:12.000Z"
"1115416","1107","1521","18063","86","2022-10-21T06:16:03.000Z"
"118397","124","247","3202","34","2022-10-21T06:15:56.000Z"
,"806","1432","16388","293","2022-10-21T06:15:48.000Z"
"1610789","1558","2631","32090","348","2022-10-21T05:48:00.000Z"
,"2149","2265","19838","339","2022-10-20T19:03:36.000Z"
,"2850","4266","39488","465","2022-10-20T01:08:00.000Z"
,"172","364","5230","23","2022-10-19T20:05:32.000Z"
"1413230","1487","3111","31615","315","2022-10-19T20:05:31.000Z"
,"78","172","2509","14","2022-10-19T20:05:19.000Z"
,"16","102","1907","6","2022-10-19T20:05:18.000Z"
,"23","167","2441","9","2022-10-19T20:05:17.000Z"
,"37","215","2669","21","2022-10-19T20:05:17.000Z"
"17899898","3812","3322","29655","302","2023-03-07T18:49:05.000Z"
,"1170","1659","17022","126","2022-10-19T20:05:17.000Z"
,"997","891","6993","74","2022-10-11T22:53:59.000Z"
,"419","651","6217","35","2022-10-11T15:50:00.000Z"
,"493","656","6591","27","2022-10-11T14:29:47.000Z"
"10048499","3198","13029","52774","790","2023-03-07T01:22:17.000Z"
,"5367","2884","40489","244","2022-10-07T14:11:05.000Z"
"11144609","3072","21370","69877","985","2023-03-07T11:58:26.000Z"
,"14654","29246","354354","4529","2022-10-06T23:50:57.000Z"
"189","0","73912","0","0","2023-03-07T07:41:56.000Z"
"31935301","9427","13786","195448","1321","2023-03-07T00:55:32.000Z"
"29587795","9388","16499","132749","1663","2023-03-07T00:51:15.000Z"
"20123361","5866","5152","49295","727","2023-03-07T00:25:41.000Z"
"22632390","5457","6959","61732","870","2023-03-06T22:08:42.000Z"
,"151","251","2557","12","2022-10-04T19:20:10.000Z"
"7419586","4515","3979","68993","328","2023-03-06T09:59:54.000Z"
"35834960","14012","15597","136990","1795","2023-03-06T09:57:26.000Z"
,"114","255","2388","12","2022-10-04T19:20:10.000Z"
"70523079","26663","43862","492177","7360","2023-03-06T02:49:29.000Z"
,"843","628","5471","43","2022-10-04T19:20:09.000Z"
"18738020","4124","3256","24192","350","2023-03-05T23:32:11.000Z"
"3246076","3756","4096","53306","377","2022-10-03T23:08:31.000Z"
"34486313","10379","22987","134228","2480","2023-03-05T07:03:54.000Z"
,"2243","2216","24726","226","2022-10-02T01:25:38.000Z"
"23355158","6792","5851","68676","860","2023-03-05T01:03:21.000Z"
"32028258","6824","7913","89097","998","2023-03-04T20:10:05.000Z"
,"2363","2521","23061","161","2022-10-02T01:29:06.000Z"
"31594718","2860","5681","34214","257","2023-03-04T16:48:05.000Z"
"41570958","25103","11096","151899","1463","2023-03-04T13:56:23.000Z"
,"2410","2483","37934","235","2022-10-01T19:05:54.000Z"
"22757661","5468","4109","53463","336","2023-03-03T20:02:20.000Z"
"1098720","1091","1748","14354","369","2022-10-01T05:24:58.000Z"
"283799","198","742","5487","47","2022-10-01T05:24:30.000Z"
"292555","352","890","7306","85","2022-10-01T05:09:41.000Z"
"513174","341","959","11215","108","2022-10-01T05:08:30.000Z"
"3453355","4084","11068","89152","2384","2022-10-01T03:04:39.000Z"
,"185","457","2965","30","2022-10-01T01:02:33.000Z"
,"2784","3055","40742","287","2022-09-30T22:08:06.000Z"
,"556","1901","10513","281","2022-09-30T19:42:33.000Z"
"2962886","3290","6375","52993","984","2022-09-30T05:11:09.000Z"
,"1083","2001","17564","125","2022-09-29T21:33:05.000Z"
"5344037","1696","1979","20846","85","2023-03-03T18:56:06.000Z"
"5945238","1030","3935","29434","154","2023-03-03T13:06:11.000Z"
"33023499","2857","3781","40632","229","2023-03-03T18:39:00.000Z"
"50382489","33799","24138","273257","9420","2023-03-03T18:16:10.000Z"
"31465347","13030","13942","142713","1443","2023-03-02T07:46:06.000Z"
"6549797","1802","5810","38968","469","2023-03-02T05:35:28.000Z"
"5305750","753","2812","15470","137","2023-03-02T05:04:04.000Z"
"6889418","1273","4532","40860","297","2023-03-02T04:50:20.000Z"
"4209891","524","2800","14706","180","2023-03-02T04:33:50.000Z"
"38052122","17564","26759","139905","3942","2023-03-02T02:57:31.000Z"
"5610355","758","3717","17039","282","2023-03-02T01:46:02.000Z"
"6722438","2250","4741","50289","390","2023-03-01T23:32:58.000Z"
"5877901","2375","2338","36247","194","2023-03-01T22:16:01.000Z"
"34475191","6841","10446","122334","1288","2023-03-01T22:14:04.000Z"
"8816970","1218","3785","27165","373","2023-03-01T21:32:08.000Z"
"32558007","2337","2991","28773","188","2023-03-01T21:24:19.000Z"
"34750453","3339","2957","38392","292","2023-03-01T21:15:10.000Z"
"26701493","10374","6757","94416","1055","2023-03-01T06:25:20.000Z"
"34392143","8417","6821","78747","18000","2023-02-28T22:36:16.000Z"
"29","0","2969","0","0","2023-02-28T19:28:04.000Z"
,"2981","3794","43210","370","2022-09-28T23:38:46.000Z"
"49673872","10387","20838","287070","1963","2023-02-28T18:44:20.000Z"
,"1322","1647","16915","192","2022-09-17T07:26:59.000Z"
"21022072","7507","4408","55283","829","2023-02-28T17:44:21.000Z"
"81274102","13113","24099","303284","2789","2023-02-28T02:28:19.000Z"
"784711","738","930","9234","100","2022-09-16T18:20:46.000Z"
"6185731","1079","4458","38639","233","2023-02-28T01:21:45.000Z"
"5592386","1317","4213","33934","264","2023-02-27T23:14:46.000Z"
,"4355","3436","50594","646","2022-09-13T23:02:37.000Z"
"4413741","658","2624","17019","122","2023-02-27T23:06:51.000Z"
"69813104","9637","41590","494480","2770","2023-02-27T19:16:17.000Z"
"6999963","1496","3931","37162","267","2023-02-26T23:46:28.000Z"
"6289833","2750","1753","25269","241","2023-02-26T21:49:02.000Z"
"62658635","17182","20267","316910","2218","2023-02-26T18:39:17.000Z"
,"392","570","6658","37","2022-09-13T18:45:06.000Z"
,"371","761","6763","74","2022-09-10T14:29:37.000Z"
"57705497","3102","6717","107570","340","2023-02-26T18:10:41.000Z"
"1338290","2007","2923","36127","194","2022-09-07T17:55:48.000Z"
"41050826","8995","5742","94821","891","2023-02-26T17:51:22.000Z"
,"2344","4917","36544","460","2022-09-07T10:36:11.000Z"
"6745404","776","2900","26122","221","2023-02-26T17:38:49.000Z"
,"1466","1539","16273","109","2022-09-06T22:01:23.000Z"
"8116553","1008","3350","32210","317","2023-02-26T17:37:31.000Z"
,"7025","4380","45624","760","2022-09-05T23:50:46.000Z"
"9910677","2070","11516","63925","887","2023-02-26T07:17:46.000Z"
"51000629","3932","5098","57413","328","2023-02-26T07:30:32.000Z"
"40183822","8773","7828","161750","1149","2023-02-26T05:11:17.000Z"
"48226132","6685","16273","255094","983","2023-02-26T04:49:49.000Z"
"86628364","10888","58571","658771","4869","2023-02-26T04:20:38.000Z"
"48923243","24205","19957","178532","4857","2023-02-26T03:39:49.000Z"
,"2890","4444","53294","351","2022-08-30T17:21:47.000Z"
"1314199","1053","1748","20818","223","2022-08-24T15:34:28.000Z"
,"828","2924","21947","319","2022-08-23T07:05:43.000Z"
,"2148","1582","24499","125","2022-08-21T14:41:54.000Z"
,"2246","2929","36015","201","2022-08-16T15:05:15.000Z"
,"9063","9646","153707","1085","2022-08-14T17:26:50.000Z"
"345692","565","1376","9619","140","2022-08-11T13:14:40.000Z"
,"3295","2853","28363","296","2022-08-10T05:34:46.000Z"
,"13240","9780","104638","1045","2022-08-07T18:37:37.000Z"
,"1227","1435","11844","85","2022-08-06T13:32:40.000Z"
,"454","845","7780","56","2022-08-05T15:58:34.000Z"
,"238","491","2759","19","2022-08-04T21:15:26.000Z"
,"1624","1985","14239","172","2022-08-04T19:02:47.000Z"
,"312","611","5940","36","2022-08-03T20:54:47.000Z"
,"3099","2173","26321","157","2022-08-01T22:19:04.000Z"
,"10409","9633","154734","2507","2022-07-30T01:46:25.000Z"
,"642","955","5586","116","2022-07-26T15:00:01.000Z"
,"273","637","5416","26","2022-07-26T10:48:11.000Z"
,"7903","12064","207356","1538","2022-07-25T20:40:56.000Z"
"262812","292","601","3911","40","2022-07-25T18:56:36.000Z"
,"4618","5803","70260","456","2022-07-25T13:20:13.000Z"
,"351","649","5001","46","2022-07-20T20:31:32.000Z"
,"279","548","4211","35","2022-07-20T20:18:30.000Z"
,"89","97","1295","12","2022-07-20T20:18:29.000Z"
,"147","141","1929","14","2022-07-20T20:18:27.000Z"
,"115","203","2068","22","2022-07-20T20:18:25.000Z"
,"501","797","5272","54","2022-07-20T20:18:23.000Z"
"5577751","1784","2731","27599","1078","2022-07-19T17:07:49.000Z"
,"235","556","4641","51","2022-07-19T16:22:03.000Z"
"7007824","1504","3521","34526","276","2023-02-26T00:07:11.000Z"
"6693094","1018","1276","24280","83","2023-02-26T00:06:14.000Z"
"38110955","4137","11331","140227","885","2023-02-26T00:04:10.000Z"
"95426924","15318","70294","791139","6356","2023-02-25T21:45:13.000Z"
"6316858","1773","1358","28553","134","2023-02-25T21:02:29.000Z"
"68213999","8173","35023","477511","2034","2023-02-25T19:43:47.000Z"
"4362705","910","962","15532","73","2023-02-25T19:41:42.000Z"
"4836175","3931","1681","25323","281","2023-02-25T19:37:12.000Z"
"37777007","3424","6076","105212","1094","2023-02-25T19:35:34.000Z"
"26905266","8335","9973","106888","9729","2023-02-25T17:48:14.000Z"
"41594229","4195","6897","114520","505","2023-02-25T17:37:27.000Z"
"6363624","1905","4239","43586","233","2023-02-24T22:06:05.000Z"
"75936841","34955","28009","335345","7207","2023-02-24T19:29:25.000Z"
"5482554","1058","3466","31858","179","2023-02-24T10:58:10.000Z"
"74152441","5792","8195","129865","667","2023-02-24T06:23:17.000Z"
"71074404","12198","19573","240736","3448","2023-02-24T06:01:12.000Z"
"97747492","12008","11156","174317","1604","2023-02-23T07:42:07.000Z"
"6119602","1322","3428","29746","217","2023-02-23T04:13:31.000Z"
"93001758","28190","44812","587770","5742","2023-02-22T17:04:13.000Z"
"6167925","1706","1412","19259","93","2023-02-22T09:44:00.000Z"
"50174404","12778","16951","225623","2150","2023-02-22T09:40:41.000Z"
"5016584","1567","1910","28559","148","2023-02-22T09:22:40.000Z"
"41989562","8760","14957","166948","1538","2023-02-22T09:20:03.000Z"
"5917541","1103","3402","19943","708","2023-02-22T00:40:28.000Z"
"60766786","2830","4231","50591","340","2023-02-21T23:30:47.000Z"
"6205580","971","3361","32676","173","2023-02-19T17:16:00.000Z"
"91081831","44609","40892","631308","8568","2023-02-21T19:41:44.000Z"
"55295997","3123","3970","44670","203","2023-02-21T17:27:42.000Z"
"72811788","7439","10169","85522","733","2023-02-19T21:20:19.000Z"
"52395771","3888","3956","46935","156","2023-02-19T21:18:49.000Z"
"10158135","5549","4581","113290","704","2023-02-19T18:56:39.000Z"
"1034329","373","852","8329","57","2022-07-19T16:15:38.000Z"
"56421861","7579","17943","273073","1262","2023-02-19T18:51:50.000Z"
,"3616","2963","33114","241","2022-07-19T07:00:38.000Z"
"35934118","4810","9181","101841","754","2023-02-19T18:39:06.000Z"
,"2920","5021","52003","602","2022-07-13T15:33:37.000Z"
"7830895","907","2438","20083","148","2023-02-17T21:37:39.000Z"
,"362","566","3809","31","2022-07-13T14:02:34.000Z"
"35490173","4327","4270","67881","407","2023-02-19T10:44:00.000Z"
,"447","681","5121","42","2022-07-07T13:34:41.000Z"
,"370","702","5872","76","2022-07-06T15:00:05.000Z"
,"1100","1404","13220","143","2022-06-22T17:12:28.000Z"
,"300","920","6573","68","2022-06-21T22:34:43.000Z"
,"427","1206","7051","87","2022-06-21T22:34:42.000Z"
"691086","1132","1659","14864","258","2022-06-20T21:18:16.000Z"
,"178","328","2515","9","2022-06-20T21:06:45.000Z"
,"461","546","5366","38","2022-06-20T21:06:45.000Z"
"557117","642","1223","11037","119","2022-06-18T16:10:16.000Z"
,"894","1626","18400","316","2022-06-18T03:09:47.000Z"
,"328","703","3860","83","2022-06-16T16:56:30.000Z"
,"469","658","5875","37","2022-06-14T16:52:36.000Z"
,"3938","4589","67074","399","2022-06-11T15:50:10.000Z"
,"265","401","2147","8","2022-06-05T18:15:50.000Z"
"2192555","2989","4807","44779","425","2022-06-05T18:15:49.000Z"
,"633","1339","10510","83","2022-06-04T18:37:55.000Z"
,"8122","4661","62083","817","2022-06-01T15:58:28.000Z"
,"433","605","8943","20","2022-05-28T16:57:38.000Z"
,"3407","4107","54452","455","2022-05-28T16:57:38.000Z"
,"28103","21670","208410","8038","2022-05-20T20:28:56.000Z"
,"382","520","4028","25","2022-05-18T19:44:09.000Z"
,"2060","2685","32062","195","2022-05-18T19:40:14.000Z"
,"1285","1607","17160","100","2022-05-17T23:35:56.000Z"
,"7279","8711","134822","832","2022-05-17T22:05:46.000Z"
"433097","714","846","6187","60","2022-05-09T14:14:44.000Z"
,"500","699","5919","58","2022-05-06T14:00:37.000Z"
,"2356","4270","54592","277","2022-05-06T14:00:36.000Z"
"121122","190","430","4222","28","2022-05-06T14:00:35.000Z"
,"140","318","2969","29","2022-05-06T14:00:31.000Z"
,"99","210","2736","5","2022-05-06T14:00:30.000Z"
,"102","225","2383","9","2022-05-06T14:00:28.000Z"
,"160","558","3928","104","2022-05-06T14:00:27.000Z"
,"106","300","2805","21","2022-05-06T14:00:25.000Z"
,"91","325","2787","32","2022-05-06T14:00:24.000Z"
,"121","295","3155","16","2022-05-06T14:00:22.000Z"
"66090515","15704","31253","501194","2677","2023-02-19T09:59:41.000Z"
"53805789","3212","9977","64662","352","2023-02-19T02:42:42.000Z"
"53382774","5146","5240","52452","1674","2023-02-18T21:37:03.000Z"
"70730931","17938","33875","475194","3907","2023-02-18T21:19:27.000Z"
"48208413","10927","16447","175595","1747","2023-02-18T08:30:50.000Z"
"6230866","1311","3458","27752","168","2023-02-18T04:32:21.000Z"
"56545490","3112","5115","74338","312","2023-02-18T04:04:37.000Z"
"4532351","695","2397","18281","164","2023-02-17T20:43:14.000Z"
"5693424","912","3211","33816","156","2023-02-17T22:55:13.000Z"
"37840715","6088","7967","122782","652","2023-02-17T23:38:43.000Z"
"62421171","12825","22484","380513","2706","2023-02-17T22:02:31.000Z"
"37779166","10461","10269","162680","1336","2023-02-17T19:41:56.000Z"
"6084519","1331","4372","37941","432","2023-02-17T19:21:56.000Z"
"50916662","21448","26817","299555","3320","2023-02-17T10:47:00.000Z"
"68498583","7696","7248","126719","1043","2023-02-17T10:21:14.000Z"
"8547267","2664","3589","61625","387","2023-02-17T09:59:08.000Z"
"53092455","6300","7800","118692","904","2023-02-17T09:53:19.000Z"
"62244834","9693","24754","323963","1954","2023-02-16T23:05:59.000Z"
"108094634","18702","28693","261472","2698","2023-02-16T20:15:13.000Z"
"7342540","4413","3467","50955","359","2023-02-16T05:57:38.000Z"
"50257440","12543","13868","146044","2554","2023-02-16T05:53:49.000Z"
"58079310","5307","3748","56258","420","2023-02-15T21:30:10.000Z"
"57305930","5436","5135","67158","736","2023-02-15T21:25:10.000Z"
"5132128","998","1276","10477","115","2023-02-15T20:27:27.000Z"
"72246472","5913","11216","103179","583","2023-02-15T20:12:58.000Z"
"77323","128","352","3527","16","2022-05-06T14:00:20.000Z"
"32422251","4260","4457","42403","757","2023-02-15T19:12:07.000Z"
,"2545","4878","41240","417","2022-05-06T14:00:05.000Z"
"84299542","7924","16697","188445","1100","2023-02-15T05:55:56.000Z"
,"3442","5326","71714","406","2022-05-03T04:20:53.000Z"
"7775376","2199","4184","48420","258","2023-02-15T04:56:24.000Z"
"67782420","14959","27010","509663","2537","2023-02-15T03:21:44.000Z"
,"7299","6250","71848","516","2022-04-29T21:37:16.000Z"
"82109169","14954","35719","608093","3774","2023-02-15T03:20:37.000Z"
,"916","903","6370","66","2022-04-20T21:29:33.000Z"
"10023000","5479","4674","101526","558","2023-02-15T03:18:43.000Z"
,"1211","1429","13050","108","2022-04-12T14:28:24.000Z"
"139423340","43570","91342","1266737","14195","2023-02-15T03:17:55.000Z"
,"589","849","8901","33","2022-04-09T15:23:08.000Z"
"52583619","1586","2230","30908","156","2023-02-15T01:38:23.000Z"
,"4262","5663","71512","382","2022-04-09T15:23:05.000Z"
"371280","789","2000","12219","191","2022-04-08T14:40:13.000Z"
,"6977","4447","59911","345","2022-04-08T01:43:01.000Z"
,"564","1505","12119","150","2022-04-07T06:29:07.000Z"
"51140930","1495","2068","27779","179","2023-02-15T01:31:44.000Z"
,"5128","7285","120697","542","2022-04-07T06:14:07.000Z"
,"3068","3940","69472","399","2022-04-07T06:16:04.000Z"
"3891261","0","4770","0","0","2022-04-07T06:21:04.000Z"
,"3573","3650","90779","219","2022-04-07T05:34:19.000Z"
"84664517","31561","42875","639617","6392","2023-02-14T16:22:37.000Z"
"60668473","13942","15538","262136","3315","2023-02-14T08:11:00.000Z"
,"8658","9219","158318","735","2022-04-07T05:29:24.000Z"
"114938729","25591","90133","1057592","11512","2023-02-14T06:11:23.000Z"
,"797","1384","10071","131","2022-04-02T17:21:28.000Z"
"65360490","12825","39361","471240","3699","2023-02-14T06:09:09.000Z"
,"3061","4884","37842","766","2022-04-01T20:42:05.000Z"
"176322877","47413","83914","1471527","20611","2023-02-14T05:35:29.000Z"
,"1512","4195","37502","1105","2022-03-28T10:00:00.000Z"
,"9620","11462","158326","901","2022-03-26T05:53:24.000Z"
"278346","641","1317","8354","99","2022-03-25T16:16:36.000Z"
"1077821","1074","2456","24934","317","2022-03-22T19:11:28.000Z"
,"3194","3492","30949","287","2022-03-02T18:26:00.000Z"
,"1293","1151","17737","76","2022-03-09T16:51:08.000Z"
,"3671","3194","33536","256","2022-03-06T08:22:41.000Z"
,"1219","1078","9537","94","2022-02-22T19:06:53.000Z"
,"3929","4094","49181","502","2022-02-18T19:25:16.000Z"
"2758332","5361","6905","57393","1404","2022-02-17T19:41:04.000Z"
,"480","733","4784","103","2022-02-14T17:43:29.000Z"
,"4000","3096","38060","237","2022-02-06T00:27:58.000Z"
,"764","752","4871","53","2022-02-02T14:30:46.000Z"
,"2203","2582","22202","285","2022-01-31T13:30:36.000Z"
,"425","733","5454","39","2022-01-28T21:51:02.000Z"
,"416","598","5274","38","2022-01-28T21:51:00.000Z"
,"120","128","1913","3","2022-01-28T21:50:58.000Z"
,"162","298","2715","34","2022-01-28T21:50:56.000Z"
,"493","910","7529","58","2022-01-28T21:50:54.000Z"
,"7528","6581","71043","624","2022-01-21T09:18:55.000Z"
,"36914","47613","315042","7624","2022-01-14T06:18:50.000Z"
"55110158","9816","15115","214930","1509","2023-02-13T21:55:18.000Z"
"18301810","4499","3820","45807","529","2023-02-13T21:47:04.000Z"
"92457172","124301","18791","228086","13981","2023-02-13T21:45:16.000Z"
"34709611","10999","9885","125977","1045","2023-02-13T01:28:48.000Z"
"11400580","1136","1354","16882","85","2023-02-12T22:41:07.000Z"
"36845470","5278","7894","102163","719","2023-02-12T22:29:26.000Z"
"10766212","2238","2764","30836","426","2023-02-12T19:01:54.000Z"
"107207438","34588","52560","708660","9494","2023-02-12T18:34:07.000Z"
"71976852","14801","50142","729395","4857","2023-02-12T08:21:15.000Z"
,"1073","1310","12145","101","2022-01-12T18:35:47.000Z"
,"6429","6293","48321","805","2022-01-10T15:51:20.000Z"
,"570","838","6639","82","2022-01-07T03:47:34.000Z"
"826005","887","1343","13365","174","2022-01-05T16:20:38.000Z"
,"1414","2487","19187","489","2022-01-02T17:20:05.000Z"
,"1833","3348","57699","137","2021-12-25T20:30:58.000Z"
"2017764","1691","5794","48275","693","2021-12-24T20:51:37.000Z"
,"8147","5202","107536","606","2021-12-24T15:49:48.000Z"
,"2664","2119","23055","202","2021-12-24T16:40:31.000Z"
"259481","477","597","5627","64","2021-12-24T16:40:31.000Z"
"113507","201","350","3440","66","2021-12-24T16:40:23.000Z"
"63657","147","165","1969","21","2021-12-24T16:40:03.000Z"
"70269","196","172","2245","10","2021-12-24T16:39:44.000Z"
"197548","273","769","4898","296","2021-12-24T16:39:36.000Z"
,"711","989","11149","114","2021-12-24T16:39:18.000Z"
,"677","1084","8227","61","2021-12-22T17:14:55.000Z"
,"383","592","3357","72","2021-12-17T17:10:30.000Z"
"15780206","1641","2302","38466","165","2023-02-12T06:46:55.000Z"
,"766","841","7312","64","2021-12-07T00:03:45.000Z"
,"12390","9665","103327","1000","2021-12-06T05:42:48.000Z"
"48961476","9924","9864","122915","2272","2023-02-12T06:45:14.000Z"
,"600","938","10637","72","2021-12-03T11:41:52.000Z"
"9564503","1578","6181","57235","335","2023-02-12T06:17:52.000Z"
"6672287","1909","4766","36336","222","2023-02-12T00:34:06.000Z"
,"397","789","7337","194","2021-12-02T14:37:21.000Z"
,"665","1347","12907","157","2021-12-02T14:36:59.000Z"
"5771492","690","2787","15808","103","2023-02-12T05:04:35.000Z"
"6258363","615","3287","24954","123","2023-02-12T05:11:49.000Z"
,"3146","4103","41401","321","2021-12-01T18:34:08.000Z"
"24312976","5013","9908","168433","722","2023-02-12T04:29:17.000Z"
"63163829","53066","51719","471855","7616","2023-02-11T16:00:43.000Z"
,"9499","6385","94873","1994","2021-12-01T00:23:05.000Z"
"4484024","1355","2884","26034","182","2023-02-10T22:55:25.000Z"
"18193670","3441","5860","70869","371","2023-02-11T14:19:33.000Z"
,"941","1378","15078","93","2021-11-17T19:11:00.000Z"
"7394180","1819","5747","45306","451","2023-02-10T20:58:05.000Z"
,"4244","4072","46751","514","2021-11-11T00:10:00.000Z"
"16829553","3549","3420","37759","219","2023-02-10T20:55:20.000Z"
,"1080","1269","10896","122","2021-11-01T16:35:49.000Z"
"7925699","1677","1501","21510","215","2023-02-10T18:11:27.000Z"
,"1041","1396","9123","276","2021-11-01T13:27:00.000Z"
"20503906","4083","5163","65514","537","2023-02-10T17:12:13.000Z"
"3593552","5658","5449","74171","279","2021-10-31T15:03:08.000Z"
,"1114","1548","15106","219","2021-10-26T11:32:25.000Z"
,"1816","2116","27534","309","2021-10-17T13:37:44.000Z"
,"1056","946","7152","121","2021-10-13T19:18:30.000Z"
"1330360","1416","3309","28640","353","2021-10-09T19:39:56.000Z"
"53341573","43826","17462","268234","6288","2023-02-10T01:57:35.000Z"
,"7786","5239","71835","547","2021-10-08T09:04:45.000Z"
"21863258","13064","11297","126312","1472","2023-02-09T23:12:19.000Z"
"17533167","3847","5890","62719","552","2023-02-09T21:20:11.000Z"
,"3081","2133","21744","177","2021-10-07T21:44:55.000Z"
"6352560","1344","5601","50319","533","2023-02-09T21:01:27.000Z"
"17","0","5739","0","0","2023-02-09T21:09:37.000Z"
"14553080","2799","3313","37111","776","2023-02-09T21:00:10.000Z"
"2079155","4706","4698","46979","392","2021-10-04T18:33:02.000Z"
,"1168","2309","21159","413","2021-10-02T17:06:09.000Z"
"8158592","676","1318","17306","66","2023-02-09T18:52:23.000Z"
,"6620","4757","50611","419","2021-10-01T10:51:43.000Z"
"2049760","3577","3290","37669","279","2021-09-20T20:07:59.000Z"
"4877123","1619","3467","27321","177","2023-02-09T13:13:52.000Z"
"6437487","1573","2329","19846","210","2023-02-09T07:57:19.000Z"
"20692754","9317","10318","147069","1714","2023-02-09T07:51:56.000Z"
"34067230","12598","19463","204764","1733","2023-02-09T07:48:10.000Z"
"41656293","11140","25088","314541","2777","2023-02-08T23:55:36.000Z"
"5069150","1389","2942","21314","276","2023-02-08T16:29:34.000Z"
"26581270","11017","36159","371918","3055","2023-02-08T04:50:51.000Z"
"22063364","9704","19367","152789","2636","2023-02-08T02:49:44.000Z"
,"2031","1839","24847","237","2021-09-17T21:44:51.000Z"
,"1674","2479","19920","402","2021-09-10T05:53:11.000Z"
,"6099","9912","119946","1286","2021-09-09T21:58:55.000Z"
"2660411","8315","7617","49049","2788","2021-08-20T03:15:53.000Z"
,"1286","1933","12437","322","2021-08-19T23:59:26.000Z"
,"5042","4067","70470","392","2021-08-13T13:37:30.000Z"
,"1552","916","6166","88","2021-08-09T13:03:02.000Z"
,"1555","863","6672","69","2021-08-09T13:03:00.000Z"
,"1156","218","2515","14","2021-08-09T13:02:58.000Z"
,"1149","237","2456","12","2021-08-09T13:02:57.000Z"
,"1066","183","2036","6","2021-08-09T13:02:55.000Z"
,"1091","177","2088","5","2021-08-09T13:02:54.000Z"
,"1081","276","2635","21","2021-08-09T13:02:52.000Z"
,"1059","290","3051","17","2021-08-09T13:02:50.000Z"
,"5254","4958","37137","505","2021-08-09T13:02:49.000Z"
,"7179","4357","63179","342","2021-07-29T19:34:03.000Z"
,"14373","11438","172267","1411","2021-07-29T03:59:25.000Z"
,"1436","788","4720","139","2021-07-27T20:34:58.000Z"
,"3117","1705","18944","133","2021-07-18T16:13:52.000Z"
,"379","787","7866","60","2021-07-16T21:42:49.000Z"
,"9627","3546","41391","329","2021-07-14T23:35:39.000Z"
,"9559","8516","138655","965","2021-07-09T21:50:01.000Z"
,"3372","2439","26758","235","2021-07-09T20:50:33.000Z"
"5140744","1045","2328","16849","238","2023-02-08T00:40:13.000Z"
,"3826","3100","41026","393","2021-07-06T23:07:33.000Z"
"69533332","47795","23082","368268","9536","2023-02-08T01:03:17.000Z"
"34176973","33777","40052","420602","6721","2023-02-07T17:41:38.000Z"
,"224","311","2904","6","2021-07-02T23:27:23.000Z"
"11370978","4780","3833","49386","247","2023-02-07T05:25:48.000Z"
"35530005","14322","22086","245513","2431","2023-02-07T05:13:58.000Z"
"484368","1421","1746","15277","259","2021-07-02T23:27:22.000Z"
"16218112","6020","9995","112954","1405","2023-02-07T04:26:34.000Z"
,"596","1385","11166","146","2021-07-02T13:37:58.000Z"
,"1370","2828","50242","225","2021-06-25T21:59:41.000Z"
"3509109","735","2874","20291","108","2023-02-07T02:09:32.000Z"
,"1990","2422","40451","189","2021-06-18T22:35:46.000Z"
"1973267","1951","4882","50738","554","2021-06-18T18:24:18.000Z"
"7980790","1839","2590","27676","171","2023-02-07T01:44:10.000Z"
,"1233","1229","13621","91","2021-06-16T17:11:21.000Z"
"3293305","806","3533","25047","168","2023-02-07T01:32:55.000Z"
"1179636","1521","3497","30407","408","2021-06-15T09:25:23.000Z"
"12495889","5188","5967","62844","924","2023-02-07T00:44:37.000Z"
"2603225","3948","4868","51439","524","2021-06-13T21:45:30.000Z"
"6092097","994","6028","23706","166","2023-02-06T23:53:22.000Z"
,"411","1259","10861","129","2021-06-12T02:36:36.000Z"
"5181610","1361","3730","42105","98","2023-02-06T23:36:00.000Z"
"3301485","1554","5467","49457","170","2023-02-06T23:34:51.000Z"
,"236","690","5707","64","2021-06-11T07:52:06.000Z"
,"714","3455","27700","522","2021-06-11T04:48:12.000Z"
"14130871","4988","28108","113415","1549","2023-02-06T23:32:16.000Z"
,"7096","4314","50664","479","2021-06-11T06:40:03.000Z"
"9362678","3043","3001","35672","250","2023-02-06T18:46:46.000Z"
,"3956","2196","52150","167","2021-06-11T04:47:43.000Z"
"10174311","3809","3180","37009","146","2023-02-06T16:06:43.000Z"
,"9374","5724","86336","925","2021-06-11T04:45:32.000Z"
"4471605","801","1215","10079","43","2023-02-05T19:01:01.000Z"
"21741050","8358","10120","113231","1086","2023-02-05T18:53:25.000Z"
"9829811","4980","9295","142647","806","2023-02-04T22:26:43.000Z"
"330770","883","984","5062","211","2021-06-10T22:00:18.000Z"
"76437156","40762","51172","540749","11633","2023-02-04T22:20:52.000Z"
"28583061","17132","22682","308341","3445","2023-02-04T22:17:35.000Z"
"27035008","18003","18308","274725","3267","2023-02-04T21:57:03.000Z"
"21345947","14627","18669","262489","1307","2023-02-03T23:36:45.000Z"
"10595609","5372","4928","66874","1761","2023-02-03T16:23:48.000Z"
"57570278","15346","28640","321626","8406","2023-02-03T16:21:49.000Z"
"9087641","3353","4590","52746","316","2023-02-02T16:44:02.000Z"
"24241307","10685","13307","170250","1832","2023-02-02T16:30:44.000Z"
"3703810","934","3658","25588","154","2023-02-02T08:07:51.000Z"
"7329537","3054","3486","64034","541","2023-02-02T05:59:12.000Z"
"37154226","34416","3326","690297","761","2023-02-01T06:06:25.000Z"
"9422592","3433","3264","48568","214","2023-01-31T20:32:41.000Z"
"6358424","5587","2950","52500","336","2023-01-31T20:25:40.000Z"
"15777754","9792","5001","52212","1059","2023-01-31T20:17:26.000Z"
"4978225","1995","1684","42051","115","2023-01-31T19:45:27.000Z"
"6495623","2256","2424","56012","126","2023-01-31T19:06:27.000Z"
"6637234","1685","2352","27654","151","2023-01-31T18:59:31.000Z"
"16845000","12228","16021","264325","1314","2023-01-31T02:54:03.000Z"
"5758481","2397","8848","38265","1192","2023-01-30T21:07:22.000Z"
"45068004","25474","60698","503123","5468","2023-01-30T03:23:48.000Z"
"6891462","2420","1774","40504","128","2023-01-30T02:40:36.000Z"
"7487181","2363","2839","51046","212","2023-01-30T02:40:22.000Z"
"47746740","27244","13342","211232","4509","2023-01-29T19:03:47.000Z"
"23333584","5696","19275","134373","1075","2023-01-29T18:50:58.000Z"
"9022170","2144","7166","44922","173","2023-01-29T18:46:02.000Z"
"25967876","14827","25312","368910","2979","2023-01-29T00:36:40.000Z"
"14925347","10127","10558","145072","1292","2023-01-28T19:38:23.000Z"
"35917697","24943","21187","367077","2777","2023-01-28T01:29:13.000Z"
"4021105","986","6430","25913","251","2023-01-27T19:44:47.000Z"
"16266501","13680","10817","180684","1319","2023-01-27T20:28:38.000Z"
"17053117","9443","15186","142039","1694","2023-01-27T20:13:51.000Z"
"3947121","1065","5375","31618","153","2023-01-27T19:59:34.000Z"
,"216","334","2653","14","2021-06-06T19:48:05.000Z"
,"8008","6307","58936","792","2021-06-07T19:58:42.000Z"
"8783955","4272","19783","78831","933","2023-01-27T19:48:44.000Z"
"9291110","5384","18178","74042","784","2023-01-27T18:20:49.000Z"
"3694835","1308","4139","33223","218","2023-01-26T09:33:13.000Z"
"31172595","15160","25314","272601","2817","2023-01-27T04:19:47.000Z"
,"315","514","7168","45","2021-05-28T14:19:58.000Z"
,"11980","6519","134254","699","2021-06-06T20:45:13.000Z"
"16410625","19006","15916","189491","2113","2023-01-26T23:06:11.000Z"
,"3582","3523","37597","266","2021-05-26T20:30:57.000Z"
,"3562","4066","45195","450","2021-05-26T18:53:46.000Z"
,"492","539","3559","39","2021-05-13T20:29:56.000Z"
,"7921","5078","76035","365","2021-05-14T16:25:44.000Z"
"5436799","1506","4281","40963","234","2023-01-26T01:52:20.000Z"
"2011041","2970","9010","74101","1441","2021-05-08T16:52:57.000Z"
,"1729","3963","29882","7517","2021-05-08T01:39:38.000Z"
,"11206","14779","251589","1209","2021-05-08T01:22:52.000Z"
,"621","1152","12745","126","2021-05-07T20:30:00.000Z"
,"1027","1287","14018","139","2021-04-28T14:30:43.000Z"
"82122934","62630","55294","901863","11992","2023-01-25T22:11:46.000Z"
"10314833","6956","10059","130302","833","2023-01-25T19:04:28.000Z"
,"9614","10394","160946","983","2021-04-22T05:49:17.000Z"
"9913865","5860","3216","42666","457","2023-01-25T10:42:30.000Z"
"38861721","19775","32037","318562","3029","2023-01-25T10:39:35.000Z"
"44","0","5984","0","0","2023-01-24T23:35:28.000Z"
,"10483","16365","148314","1232","2021-04-17T22:32:03.000Z"
"4487652","1352","4513","38593","398","2023-01-24T17:23:34.000Z"
"7585594","2160","8001","56068","877","2023-01-24T00:12:17.000Z"
"21904780","11399","11393","192367","787","2023-01-21T22:49:04.000Z"
,"5812","13421","177198","2266","2021-04-16T05:56:47.000Z"
"9298696","5704","3792","65762","1276","2023-01-21T17:49:22.000Z"
,"2706","3467","84621","631","2021-04-05T23:11:12.000Z"
,"1342","2104","29181","251","2021-04-01T13:45:40.000Z"
,"3038","4435","52895","406","2021-03-25T16:12:35.000Z"
"1463840","1520","4351","45782","571","2021-03-16T18:04:04.000Z"
"27163058","14677","15259","253919","2647","2023-01-21T17:41:22.000Z"
"2915160","1784","5994","74671","897","2021-03-14T15:47:19.000Z"
"37887611","13325","8671","156267","1684","2023-01-21T09:07:40.000Z"
"1179604","1142","1745","20728","257","2021-03-08T00:10:17.000Z"
"6246728","2310","3210","57829","297","2023-01-21T00:40:35.000Z"
"9016226","2709","7640","82474","1841","2023-01-21T00:35:56.000Z"
"11441608","5517","6701","75773","2209","2023-01-21T00:31:38.000Z"
"3834850","3301","11220","100629","1898","2021-03-01T18:02:10.000Z"
,"1532","2862","35891","238","2021-02-27T04:47:10.000Z"
,"1883","2327","56429","173","2021-02-22T20:12:14.000Z"
,"3144","5755","59009","536","2021-02-21T21:03:24.000Z"
"1156543","1019","2006","26195","172","2021-02-19T20:21:28.000Z"
,"2082","5129","56226","751","2021-02-18T17:00:14.000Z"
,"4540","6043","123945","415","2021-02-16T15:51:30.000Z"
,"1124","2719","67668","199","2021-02-13T06:06:36.000Z"
,"17303","28116","399380","2871","2021-02-11T20:05:55.000Z"
,"6067","12404","213644","1568","2021-02-01T23:17:40.000Z"
,"299","648","9095","39","2021-02-05T01:36:17.000Z"
"3035044","834","3154","28541","550","2021-02-05T01:36:17.000Z"
,"503","928","13663","163","2021-02-01T18:28:16.000Z"
,"13408","30916","440826","7401","2021-01-28T02:33:13.000Z"
,"141","450","6065","24","2021-01-28T08:07:33.000Z"
,"171","580","7266","57","2021-01-28T08:07:33.000Z"
,"82","221","3321","100","2021-01-28T08:07:33.000Z"
,"645","2014","17938","270","2021-01-28T08:07:32.000Z"
"431251","341","1031","12914","114","2021-01-24T18:09:57.000Z"
"1569568","960","3760","44732","540","2021-01-24T18:00:49.000Z"
,"843","2034","33503","282","2021-01-18T15:17:18.000Z"
"6713088","1305","4699","39232","916","2021-01-17T21:08:21.000Z"
,"536","1703","14818","211","2021-01-14T21:32:45.000Z"
"2464868","536","4872","53504","562","2021-01-14T04:23:25.000Z"
,"548","2828","41226","265","2021-01-13T23:57:25.000Z"
,"296","853","5645","103","2020-12-30T17:46:34.000Z"
,"732","1430","23122","384","2021-01-08T22:36:56.000Z"
,"523","1155","11046","178","2021-01-08T22:35:08.000Z"
,"2216","5948","61668","1357","2021-01-02T14:32:15.000Z"
,"1148","1013","9628","160","2020-11-11T19:26:15.000Z"
,"1738","3724","65189","831","2020-11-08T17:38:55.000Z"
,"1230","2239","23821","275","2020-10-16T23:51:34.000Z"
"1835938","1112","4901","41371","849","2020-09-23T04:05:38.000Z"
,"484","2377","17976","443","2020-09-23T04:00:07.000Z"
,"449","1831","12219","238","2020-09-22T21:06:52.000Z"
,"332","778","7135","34","2020-08-20T15:58:14.000Z"
,"739","1495","16414","145","2020-08-18T22:14:35.000Z"
,"78","327","1501","12","2020-08-13T19:23:49.000Z"
"767028","531","1900","19736","211","2020-08-07T20:20:59.000Z"
"1787390","1318","4630","49494","697","2020-08-06T00:58:38.000Z"
,"420","1144","12030","97","2020-08-01T03:44:51.000Z"
,"1007","2419","28699","269","2020-07-22T21:57:41.000Z"
,"708","1562","15355","162","2020-07-02T18:30:16.000Z"
,"678","2156","19530","205","2020-06-20T20:44:50.000Z"
,"465","1561","14540","133","2020-06-09T02:00:25.000Z"
,"1860","3253","39980","580","2020-05-10T02:22:59.000Z"
,"871","2978","30754","287","2020-04-09T00:41:11.000Z"
,"1449","7658","36655","1498","2020-04-05T23:18:35.000Z"
"1666682","1190","5093","36861","784","2020-03-16T17:40:52.000Z"
,"287","1258","18915","144","2020-03-15T02:51:41.000Z"
,"218","881","7408","90","2020-03-10T15:09:48.000Z"
,"927","3546","44779","377","2020-03-05T20:24:59.000Z"
,"535","1849","16442","153","2020-03-04T19:00:24.000Z"
"1028954","737","3846","27253","417","2020-02-16T01:23:24.000Z"
,"935","3854","35299","750","2020-02-09T22:06:29.000Z"
,"650","2224","14958","312","2020-01-20T20:29:16.000Z"
"535892","513","2180","18201","300","2020-01-07T10:06:18.000Z"
"31067701","18751","25034","288974","6542","2023-01-21T00:18:21.000Z"
"3281652","931","1520","10869","112","2023-01-20T20:09:25.000Z"
"8879041","2181","3371","35744","260","2023-01-20T23:23:17.000Z"
"18090693","7698","11078","130493","1533","2023-01-20T20:30:40.000Z"
"2411496","531","1418","12981","77","2023-01-20T20:01:16.000Z"
"18421747","7802","10179","135263","1187","2023-01-20T20:20:17.000Z"
"12306024","11502","9513","65585","1669","2023-01-20T19:55:41.000Z"
"2792840","482","1076","8750","80","2023-01-20T18:36:39.000Z"
"14012279","14066","17149","164782","1912","2023-01-19T21:01:35.000Z"
"9538486","3754","4915","44131","623","2023-01-19T20:39:50.000Z"
"2887791","780","3624","24521","169","2023-01-19T15:53:19.000Z"
"3249572","822","3742","30079","179","2023-01-19T15:45:22.000Z"
"44650880","14210","20858","249121","2463","2023-01-19T10:54:51.000Z"
"9971090","3102","4202","45122","214","2023-01-18T20:19:00.000Z"
"6443510","7228","14463","143802","806","2023-01-18T18:34:59.000Z"
"29883864","34035","39435","302488","3721","2023-01-18T18:24:13.000Z"
"26810850","39991","41033","110100","6090","2023-01-18T16:49:31.000Z"
"18643860","10629","35717","208561","2166","2023-01-18T16:30:55.000Z"
"16305305","10096","15055","147524","1443","2023-01-17T17:52:24.000Z"
"11160797","4712","6070","57655","579","2023-01-17T17:20:58.000Z"
"22088161","7087","10807","123030","839","2023-01-17T17:15:51.000Z"
"23802640","21411","18714","198697","5600","2023-01-17T03:47:49.000Z"
"24476240","7654","11709","149446","812","2023-01-16T05:06:21.000Z"
"19945234","12512","16625","167770","1408","2023-01-16T01:20:35.000Z"
"16988267","5667","8955","148783","570","2023-01-16T00:05:27.000Z"
"75901114","145599","53039","642299","20797","2023-01-15T23:09:59.000Z"
"4289673","1582","5599","40837","481","2023-01-15T23:05:33.000Z"
"3852430","1168","3887","21192","295","2023-01-15T22:40:14.000Z"
"5888101","1517","3922","34644","328","2023-01-14T18:54:18.000Z"
"10827671","5328","7187","64893","620","2023-01-14T08:54:48.000Z"
"3623717","1178","3568","29312","230","2023-01-13T17:53:57.000Z"
"10853167","4420","15341","72751","724","2023-01-14T04:43:43.000Z"
"6588049","2483","4098","48907","236","2023-01-14T04:38:32.000Z"
"7594771","657","1864","12169","144","2023-01-13T21:56:04.000Z"
"21556293","7314","9475","89727","832","2023-01-14T03:43:12.000Z"
"17171969","9368","15517","155625","1921","2023-01-13T20:26:32.000Z"
"28446322","14505","16176","196026","1602","2023-01-13T16:14:52.000Z"
"19937910","9049","8889","119917","1869","2023-01-13T14:06:46.000Z"
"3250828","1350","3412","24911","182","2023-01-13T01:23:28.000Z"
"5330555","1303","11252","37861","405","2023-01-12T19:39:30.000Z"
"3653854","871","2489","23236","238","2023-01-12T16:09:10.000Z"
"4852191","1004","5430","40030","380","2023-01-12T16:08:31.000Z"
"24659665","14028","26328","324459","2483","2023-01-12T14:05:12.000Z"
"4698633","1322","4625","41233","223","2023-01-11T16:56:07.000Z"
"34098304","30676","26288","310678","3668","2023-01-11T19:01:29.000Z"
"21103890","6011","7489","91603","502","2023-01-10T06:36:19.000Z"
"4401624","948","3243","21987","157","2023-01-10T04:36:49.000Z"
"3802643","1026","2447","20811","197","2023-01-10T02:16:04.000Z"
"8213147","1936","8770","61938","883","2023-01-10T00:04:56.000Z"
"4464622","755","2415","20310","69","2023-01-09T21:46:02.000Z"
"60706497","35749","24961","394994","5686","2023-01-08T23:29:31.000Z"
"22511513","6456","8056","85213","863","2023-01-08T22:23:42.000Z"
"26459972","12097","13458","165697","2991","2023-01-08T03:48:20.000Z"
"27566520","8178","5398","83281","570","2023-01-07T22:50:40.000Z"
"10846379","963","3989","38984","259","2023-01-07T21:37:10.000Z"
"19422177","5831","4819","51003","541","2023-01-07T16:56:11.000Z"
"13559258","4144","2233","70886","174","2023-01-06T18:35:24.000Z"
"59318742","26781","30443","399041","3599","2023-01-06T18:05:15.000Z"
"45276619","46878","20279","330125","4526","2023-01-05T23:43:43.000Z"
"21171573","10225","6135","97966","680","2023-01-05T23:37:53.000Z"
"25706051","8715","4713","84712","665","2023-01-05T21:27:32.000Z"
"58592106","32654","10444","133697","2790","2023-01-05T16:22:25.000Z"
"16080732","32927","3708","61011","1491","2023-01-05T16:19:29.000Z"
"38283927","21607","20621","196672","2035","2023-01-05T16:12:24.000Z"
"57867788","63622","11416","163805","5760","2023-01-05T10:23:53.000Z"
"88647567","94893","41589","713170","11994","2023-01-04T01:55:18.000Z"
"30635577","11369","43360","147244","2897","2023-01-03T23:42:11.000Z"
"55676660","22916","61646","420729","8969","2023-01-03T23:21:23.000Z"
"24624233","7526","23004","106522","977","2023-01-03T20:37:23.000Z"
"6814159","1586","4478","31781","240","2023-01-03T14:48:02.000Z"
"56886215","41863","43774","602147","3890","2023-01-01T19:25:38.000Z"
"81314502","52109","44057","806921","7592","2022-12-31T18:26:16.000Z"
"13218763","2906","3887","81359","592","2022-12-31T10:00:01.000Z"
"15394745","2816","4509","83351","1370","2022-12-31T09:02:21.000Z"
"34944036","10257","13202","181381","2619","2022-12-31T08:51:10.000Z"
"56030499","33405","29177","348579","5641","2022-12-30T21:32:50.000Z"
"19833638","8252","11051","128395","1754","2022-12-30T20:26:24.000Z"
"88243522","58180","142479","1006590","15851","2022-12-30T14:12:15.000Z"
"19961028","5252","7752","109042","452","2022-12-30T08:04:48.000Z"
"36596743","15572","13765","208678","2358","2022-12-30T03:16:43.000Z"
"42992156","23787","21323","310993","3317","2022-12-29T04:50:26.000Z"
"51589398","23792","78141","633510","5575","2022-12-28T19:51:09.000Z"
"58827571","41155","73819","605069","8726","2022-12-28T18:58:55.000Z"
"24822618","9019","9689","163905","555","2022-12-28T16:58:14.000Z"
,"9496","8284","133875","981","2022-03-28T20:22:28.000Z"
"22919332","5080","10052","137557","528","2022-12-28T15:13:10.000Z"
"6214990","1327","3763","39979","166","2022-12-28T09:43:53.000Z"
"5833787","988","3560","36755","149","2022-12-28T09:34:55.000Z"
"6051946","752","3020","26694","122","2022-12-28T09:29:49.000Z"
"129722903","73316","157279","1217777","40490","2022-12-28T07:11:15.000Z"
"44372763","15794","53489","486567","3241","2022-12-28T07:06:43.000Z"
"46071154","21848","34415","197157","2999","2022-12-27T22:43:05.000Z"
"37246292","16241","13690","220380","2092","2022-12-27T21:26:36.000Z"
"74251975","42189","49144","794712","10839","2022-12-27T04:12:35.000Z"
"11457066","5628","12203","115099","415","2022-12-26T16:42:20.000Z"
"38047435","11667","49733","210874","3441","2022-12-26T16:40:41.000Z"
"51223157","35617","27221","489369","2299","2022-12-25T19:29:09.000Z"
"11406185","3078","20662","74900","789","2022-12-25T06:26:40.000Z"
"12892229","3866","2618","43467","1410","2022-12-24T12:15:45.000Z"
"12685853","1784","2214","41187","150","2022-12-24T12:11:39.000Z"
"6360433","1753","1515","29835","139","2022-12-24T11:55:24.000Z"
"35891754","8776","6790","111698","715","2022-12-24T11:47:17.000Z"
"6991723","1414","4257","24550","348","2022-12-24T08:38:10.000Z"
"34176593","12574","7686","116454","2968","2022-12-23T21:08:26.000Z"
"82906465","36812","17578","140647","12382","2022-12-23T09:00:12.000Z"
"20077214","14516","8054","211513","3381","2022-12-23T17:08:52.000Z"
"66564331","34479","30542","554670","11464","2022-12-23T02:00:34.000Z"
"27464606","9637","10890","171761","668","2022-12-22T18:37:21.000Z"
"12308056","3698","3278","72172","402","2022-12-22T18:34:12.000Z"
"19934371","5304","13550","67281","606","2022-12-22T16:24:00.000Z"
"56807762","23476","32862","395974","16854","2022-12-22T16:05:54.000Z"
"18846080","11452","18307","179321","1583","2023-04-25T00:23:59.000Z"
"15284866","6623","6846","69688","515","2023-04-24T23:07:23.000Z"
"9569113","3199","1599","11511","220","2023-04-24T20:09:26.000Z"
"12486548","6111","6876","61279","626","2023-04-24T21:34:45.000Z"
"15627430","11150","9313","161168","1085","2023-04-24T21:31:00.000Z"
"26247582","6563","7186","82302","1579","2023-04-24T21:09:39.000Z"
"28335600","29852","31236","300121","4014","2023-04-24T21:07:13.000Z"
"9997231","3865","8176","74575","387","2023-04-23T15:50:06.000Z"
"9585876","1874","3325","30044","190","2023-04-23T02:48:22.000Z"
"23751134","11698","19601","312782","1181","2023-04-23T03:30:43.000Z"
"19930197","9740","7793","95197","981","2023-04-22T23:35:01.000Z"
"41716359","23908","58668","649915","5055","2023-04-22T21:48:37.000Z"
"12996917","5313","8905","107533","549","2023-04-22T21:12:41.000Z"
"58132279","25536","24875","330697","4107","2023-04-22T19:18:47.000Z"
"31840025","17250","32092","334412","2510","2023-04-22T01:02:10.000Z"
"7931022","1693","2866","14876","346","2023-04-21T20:16:43.000Z"
"5559102","621","1249","9598","50","2023-04-21T17:59:55.000Z"
"14887094","8040","5417","62105","901","2023-04-21T03:49:33.000Z"
"41846660","24298","23670","347790","4320","2023-04-21T03:36:45.000Z"
"38924686","14661","27002","525697","1969","2023-04-20T21:50:10.000Z"
"33830028","13407","30530","498399","1794","2023-04-20T21:49:51.000Z"
"5293516","503","1764","13932","76","2023-04-20T18:17:33.000Z"
"1475185","350","809","6850","104","2023-04-14T19:42:11.000Z"
"22517177","723","1399","11780","269","2023-04-09T17:25:30.000Z"
"1419992","376","675","5234","72","2023-04-06T21:35:21.000Z"
"935573","282","1095","8004","91","2023-04-06T06:25:45.000Z"
"638233","213","194","1965","9","2023-04-04T00:38:48.000Z"
"1410568","297","600","5452","74","2023-04-04T00:38:48.000Z"
"1346248","307","642","5323","32","2023-04-03T20:25:00.000Z"
"1421536","197","596","6484","42","2023-04-03T13:17:36.000Z"
"1398502","411","1280","12422","136","2023-04-02T20:10:27.000Z"
"76586741","5712","6042","58329","3773","2023-04-01T13:48:39.000Z"
"1264802","252","1150","8144","116","2023-03-31T08:27:33.000Z"
"590878","95","182","2202","10","2023-03-30T18:57:31.000Z"
"1658962","330","579","5704","40","2023-03-28T18:49:49.000Z"
"763706","117","411","5378","19","2023-03-25T19:37:10.000Z"
"39866512","1052","3359","27584","552","2023-03-25T19:37:07.000Z"
"1966012","575","917","10958","83","2023-03-24T23:22:33.000Z"
"1910690","345","684","6513","37","2023-03-24T18:44:51.000Z"
"959518","268","578","7286","36","2023-03-22T18:59:59.000Z"
"1035972","241","599","5129","49","2023-03-22T10:28:29.000Z"
"4485748","582","3991","28076","195","2023-03-20T17:51:02.000Z"
"13753052","2704","13350","114505","1356","2023-04-20T17:05:58.000Z"
"92831412","40961","77211","853975","9505","2023-04-20T14:09:14.000Z"
"42029151","21528","45278","506433","4407","2023-04-20T14:00:05.000Z"
"30898737","4417","30417","163881","5526","2023-04-20T13:33:54.000Z"
"32631585","11518","18211","304819","1474","2023-04-20T13:24:20.000Z"
"22932603","5443","9162","90890","809","2023-04-20T13:17:49.000Z"
"23580423","10489","13290","164380","1703","2023-04-20T12:50:51.000Z"
"7871251","1111","4805","42101","489","2023-04-20T11:30:56.000Z"
"9922538","1786","7343","75266","458","2023-04-20T03:41:42.000Z"
"32280338","9011","16475","166662","1360","2023-04-20T04:13:52.000Z"
"7136603","2115","5446","46715","407","2023-04-19T14:40:39.000Z"
"11044928","1860","7174","69123","453","2023-04-19T14:32:02.000Z"
"5637219","981","3692","21963","196","2023-04-19T14:24:58.000Z"
"7976521","1668","3471","28897","253","2023-04-18T23:40:37.000Z"
"44979264","19230","14544","216611","1882","2023-04-18T02:44:41.000Z"
"68959164","41826","74984","634429","15157","2023-04-18T01:26:28.000Z"
"16763129","7399","8900","89912","1039","2023-04-17T23:59:15.000Z"
"16017399","4092","12058","96623","2032","2023-04-17T22:35:07.000Z"
"5160395","1831","2183","17962","247","2023-04-17T16:14:10.000Z"
"4501735","778","1684","14067","96","2023-04-17T16:13:37.000Z"
"5945758","592","1352","10170","233","2023-04-17T16:13:25.000Z"
"7125013","1267","2223","12803","653","2023-04-17T16:13:01.000Z"
"12968049","5853","6484","103701","845","2023-04-17T13:29:01.000Z"
"16943419","5935","8017","94062","1923","2023-04-17T13:11:17.000Z"
"36869965","10019","15565","189198","1185","2023-04-17T12:18:42.000Z"
"5659376","1225","2917","28527","173","2023-04-17T11:43:35.000Z"
"13490156","1671","8323","53925","1266","2023-04-17T11:40:16.000Z"
"40606715","14324","18184","244016","1697","2023-04-17T05:46:06.000Z"
"11079970","2226","9434","61915","1305","2023-04-17T01:03:29.000Z"
"7465338","1243","6150","38006","672","2023-04-16T17:37:13.000Z"
"74307123","27193","54774","799999","4855","2023-04-16T15:52:21.000Z"
"8495502","1307","5750","44799","548","2023-04-16T14:02:16.000Z"
"8600231","1770","6898","53444","581","2023-04-15T22:30:30.000Z"
"15850311","2653","5398","68685","211","2023-04-15T21:20:53.000Z"
"47781760","11797","51779","454542","2269","2023-04-15T21:05:26.000Z"
"2366989","668","1795","17665","260","2023-03-14T15:14:03.000Z"
"400698","70","137","1711","3","2023-03-13T15:27:55.000Z"
"919208","204","528","4618","23","2023-03-13T15:27:55.000Z"
"690962","130","420","5341","75","2023-03-12T19:13:17.000Z"
"735221","42","337","4309","11","2023-03-12T19:13:16.000Z"
"1889035","258","900","8436","57","2023-03-12T19:13:16.000Z"
"994022","243","388","5704","43","2023-03-09T19:06:37.000Z"
"1968367","927","1763","19938","343","2023-03-09T19:06:35.000Z"
"433757","66","171","2794","4","2023-03-08T23:43:44.000Z"
"525051","70","185","3620","6","2023-03-08T23:43:43.000Z"
"3809086","791","2257","29729","202","2023-03-08T23:43:42.000Z"
"9947693","2128","11694","77332","1603","2023-03-02T00:22:03.000Z"
"750625","362","1108","5188","68","2023-03-02T00:18:20.000Z"
"582364","111","372","3325","15","2023-03-01T23:43:30.000Z"
"667863","68","432","3802","35","2023-03-01T23:36:49.000Z"
"394296","63","350","3099","25","2023-03-01T23:22:10.000Z"
"328736","48","195","2405","9","2023-03-01T22:57:27.000Z"
"351959","40","290","3181","21","2023-03-01T22:55:27.000Z"
"283789","42","270","2689","10","2023-03-01T22:53:56.000Z"
"290748","32","246","2202","44","2023-03-01T22:45:57.000Z"
"266593","28","170","1844","6","2023-03-01T22:41:17.000Z"
"423073","51","308","3325","27","2023-03-01T22:18:10.000Z"
"406581","30","197","2435","6","2023-03-01T22:10:20.000Z"
"725366","44","275","3006","20","2023-03-01T22:05:58.000Z"
"746074","52","309","3159","20","2023-03-01T21:56:16.000Z"
"759470","128","367","3636","74","2023-03-01T21:38:27.000Z"
"703894","61","364","3868","19","2023-03-01T21:33:38.000Z"
"34320126","759","5077","9601","352","2023-03-01T21:17:15.000Z"
"40885945","1305","2969","21292","258","2023-02-28T19:15:35.000Z"
"4349468","346","1031","12294","28","2023-04-15T20:55:58.000Z"
"36238112","30437","29760","163639","4683","2022-12-22T01:27:14.000Z"
"31038551","11600","11499","151947","1306","2022-12-21T23:50:51.000Z"
"15459148","16097","26532","206897","1927","2022-12-21T03:59:09.000Z"
"36143226","65547","30390","344607","16869","2022-12-21T01:20:58.000Z"
"42864648","32134","39499","339832","3189","2022-12-21T01:09:30.000Z"
"76087126","38580","37598","143370","5314","2022-12-20T23:50:05.000Z"
"24855945","9774","27818","125682","1246","2022-12-20T20:27:43.000Z"
"39447864","14058","20179","231581","2172","2022-12-20T18:00:27.000Z"
"19132660","12733","43250","203151","3011","2022-12-20T17:32:35.000Z"
"19199492","10478","23608","156555","865","2022-12-20T17:04:48.000Z"
"65066893","27748","88869","351108","7521","2022-12-20T15:13:45.000Z"
"20383337","7237","28609","142907","1348","2022-12-20T15:10:54.000Z"
"65","0","11882","0","0","2022-12-20T15:09:30.000Z"
"11776039","2699","4413","32771","1560","2022-12-19T21:45:52.000Z"
"13227430","4236","3754","42420","394","2022-12-20T00:36:52.000Z"
"11818524","3158","6136","53819","576","2022-12-19T16:14:59.000Z"
"65","0","57692","0","0","2022-12-19T20:40:56.000Z"
"103485484","92111","96123","966714","27048","2022-12-19T01:29:14.000Z"
"49043262","6496","16698","122119","757","2022-12-19T00:23:02.000Z"
"84721357","47815","45074","554528","13307","2022-12-18T23:43:31.000Z"
"362970546","388382","252472","604687","176129","2022-12-18T23:20:33.000Z"
"76675623","24287","21374","417720","6358","2022-12-18T23:17:27.000Z"
"32153573","11738","42532","515481","1899","2022-12-18T18:02:47.000Z"
"34150362","11213","25877","445115","1590","2022-12-18T17:39:24.000Z"
"9654072","1006","3921","36638","313","2022-12-18T17:29:59.000Z"
"37113967","10216","36109","507486","3251","2022-12-18T16:55:22.000Z"
"16244255","3963","8698","145996","825","2022-12-18T16:54:13.000Z"
"38694533","24476","14772","346736","3520","2022-12-18T16:05:44.000Z"
"29844937","10389","31017","377446","3458","2022-12-18T15:27:49.000Z"
"62459008","19223","39530","688278","5972","2022-12-18T14:53:59.000Z"
"11263284","3559","6458","79582","429","2022-12-18T14:40:48.000Z"
"49928871","18427","18094","231688","3815","2022-12-18T05:05:29.000Z"
"22969580","14560","13958","150379","2366","2022-12-18T03:59:10.000Z"
"24992245","9752","18538","310482","1030","2022-12-17T21:58:21.000Z"
"15605891","3418","6016","67004","306","2022-12-17T21:40:51.000Z"
,"1395","9331","66658","653","2022-11-24T21:36:22.000Z"
"7634397","3225","3459","50294","449","2022-12-17T20:04:59.000Z"
"11639614","5601","3768","46564","1445","2022-12-17T19:16:36.000Z"
"27763627","8718","11183","145087","1323","2022-12-17T07:21:59.000Z"
"44210072","17981","12739","168071","6285","2022-12-17T05:28:36.000Z"
"46235266","20850","8612","127531","3944","2022-12-17T05:18:16.000Z"
"16177622","5098","7755","104998","504","2022-12-16T23:57:22.000Z"
"57799091","20749","21732","288298","11541","2022-12-16T22:08:30.000Z"
"5671026","927","3467","37068","114","2022-12-16T15:00:59.000Z"
"27968535","10878","30517","149748","2013","2022-12-16T21:08:57.000Z"
"38688482","35461","47800","489826","4424","2022-12-16T20:45:31.000Z"
"22353569","19158","27862","338761","2609","2022-12-16T20:38:47.000Z"
"17311911","6423","3504","40795","404","2022-12-16T20:21:03.000Z"
"48077723","30330","34270","339045","7478","2022-12-16T17:28:07.000Z"
"74534737","62338","46117","652029","16923","2022-12-16T07:53:39.000Z"
"9902314","2372","5914","65534","309","2022-12-16T06:02:06.000Z"
"86403679","66681","18535","87435","9629","2022-12-16T04:34:25.000Z"
"15870401","11210","2943","73145","2570","2022-12-16T04:33:40.000Z"
"15626692","17816","27713","252041","2867","2022-12-16T04:04:49.000Z"
"35964356","24625","9903","81422","4375","2022-12-16T03:56:48.000Z"
"30362260","16046","7390","116421","1991","2022-12-16T02:22:25.000Z"
"9163929","2412","8824","73713","829","2022-12-15T20:34:22.000Z"
,"850","2802","19607","169","2022-12-15T03:08:23.000Z"
,"692","2024","18101","99","2022-12-14T19:02:31.000Z"
"18255427","25966","31005","159112","5005","2022-12-15T03:50:23.000Z"
,"22520","30850","274251","5182","2022-12-15T00:48:13.000Z"
,"30690","32431","313466","8910","2022-12-15T00:13:31.000Z"
,"4849","5222","42776","339","2022-12-14T09:05:41.000Z"
,"1551","4733","58584","254","2022-12-14T04:38:52.000Z"
,"4960","3249","78996","256","2022-12-14T04:20:23.000Z"
,"11446","11054","154530","1263","2022-12-14T03:22:35.000Z"
,"16315","26217","259268","2393","2022-12-13T23:21:58.000Z"
,"5271","14137","169722","1417","2022-12-13T23:13:27.000Z"
,"12942","11686","174304","1215","2022-12-13T07:54:49.000Z"
,"41010","36323","424862","7337","2022-12-13T01:15:20.000Z"
,"31311","57158","742357","10460","2022-12-12T19:46:04.000Z"
,"29917","73036","335220","4512","2022-12-12T19:36:52.000Z"
,"35866","50616","492716","5746","2022-12-12T14:21:31.000Z"
,"54473","87720","658707","14076","2022-12-12T12:25:32.000Z"
,"8119","14258","200655","766","2022-12-12T11:24:29.000Z"
,"8794","11503","195232","646","2022-12-11T20:07:59.000Z"
,"32231","21808","307563","2951","2022-12-11T19:47:35.000Z"
,"41659","25444","487666","3770","2022-12-11T18:12:21.000Z"
,"113066","185933","1258451","35546","2022-12-11T10:58:17.000Z"
,"15289","27304","366244","2482","2022-12-11T10:22:45.000Z"
,"22582","79836","580970","6603","2022-12-11T10:19:55.000Z"
,"14507","18042","287870","1695","2022-12-11T09:09:55.000Z"
,"7827","15913","177473","1150","2022-12-11T08:50:15.000Z"
,"3547","6602","80400","482","2022-12-11T08:40:09.000Z"
,"948","4048","38772","226","2022-12-11T08:27:14.000Z"
,"33661","55161","576599","16363","2022-12-11T08:09:37.000Z"
,"915","3843","31132","203","2022-12-11T07:22:47.000Z"
,"729","3565","37486","176","2022-12-11T07:47:32.000Z"
,"947","5299","54190","312","2022-12-11T07:39:03.000Z"
,"11602","33469","173745","1422","2022-12-11T05:35:53.000Z"
,"1101","4461","43067","352","2022-12-11T01:39:40.000Z"
,"19267","63944","629850","3880","2022-12-10T20:01:11.000Z"
,"34469","91619","673131","8502","2022-12-10T19:56:59.000Z"
,"2192","4287","71698","192","2022-12-10T17:08:54.000Z"
,"33158","135950","1241357","13228","2022-12-10T17:08:02.000Z"
,"11678","45854","203347","2543","2022-12-10T01:57:36.000Z"
,"23619","36191","305950","3945","2022-12-09T19:32:24.000Z"
,"4012","6112","85838","393","2022-12-09T18:54:11.000Z"
,"11784","19842","203031","1655","2022-12-09T18:43:56.000Z"
,"7889","10638","176735","1956","2022-12-09T08:00:28.000Z"
,"16202","33010","393004","7736","2022-12-09T07:58:55.000Z"
,"4156","14786","226483","1007","2022-12-09T05:13:42.000Z"
,"23279","37484","355810","3525","2022-12-09T04:24:22.000Z"
,"25465","63004","510935","8537","2022-12-09T02:32:43.000Z"
,"12844","39989","210328","2409","2022-12-09T01:05:14.000Z"
,"2203","5807","52085","568","2022-12-08T22:38:13.000Z"
,"731","3211","30910","179","2022-12-08T22:34:17.000Z"
,"951","4102","39345","229","2022-12-08T22:28:28.000Z"
,"1613","5971","34703","1708","2022-12-08T22:17:44.000Z"
,"1175","3800","37368","175","2022-12-08T20:38:42.000Z"
,"4788","4447","162426","504","2022-12-08T17:17:49.000Z"
,"12738","10405","340840","1698","2022-12-08T17:17:01.000Z"
,"13652","16620","181420","1990","2022-12-08T09:44:29.000Z"
,"2701","4560","44631","279","2022-12-08T01:30:30.000Z"
,"819","1772","17332","90","2022-12-07T16:05:04.000Z"
"6653420","9379","9224","115871","783","2022-12-07T10:36:28.000Z"
,"23376","26677","317617","1862","2022-12-07T02:40:08.000Z"
,"44612","29772","509487","4629","2022-12-05T18:59:37.000Z"
,"5071","6265","116316","367","2022-12-05T07:48:57.000Z"
,"25195","28618","353076","5837","2022-12-05T07:48:11.000Z"
,"2868","9594","93901","689","2022-12-05T04:06:28.000Z"
,"16520","17801","214754","1783","2022-12-04T12:39:43.000Z"
,"29690","30788","477875","3393","2022-12-04T08:53:09.000Z"
,"17084","29847","321079","2469","2022-12-04T04:35:56.000Z"
,"7177","9069","106779","1053","2022-12-04T04:28:20.000Z"
,"3295","9257","99663","436","2022-12-04T04:25:04.000Z"
,"6686","8806","132478","854","2022-12-04T04:00:02.000Z"
,"12865","19581","282329","1268","2022-12-04T02:24:26.000Z"
,"0","2305","15341","203","2022-11-02T13:54:17.000Z"
,"38899","57690","173969","7334","2022-12-04T02:09:31.000Z"
,"17722","35713","566103","2308","2022-12-04T00:53:00.000Z"
,"6362","11286","179968","900","2022-12-03T21:47:42.000Z"
,"15423","43716","518066","2155","2022-12-03T10:36:59.000Z"
,"36694","64657","628702","5806","2022-12-03T02:19:07.000Z"
,"25979","87740","398502","8757","2022-12-02T23:44:15.000Z"
,"33403","26126","267687","4380","2022-12-02T22:21:25.000Z"
,"6252","14546","231884","685","2022-12-02T20:48:55.000Z"
,"55075","103143","707007","16480","2022-12-02T20:39:24.000Z"
,"21796","7616","105818","1149","2022-12-02T20:08:44.000Z"
,"2021","2058","36103","111","2022-12-02T20:07:37.000Z"
,"11914","8716","68782","1194","2022-12-02T20:06:20.000Z"
,"9014","18751","234183","1289","2022-12-02T19:46:45.000Z"
,"3669","7025","84723","432","2022-12-02T19:17:52.000Z"
,"10635","13024","123655","2447","2022-12-02T18:53:08.000Z"
