timestamp,likesCount,commentsCount
2022-11-11T14:02:51.000Z,23479,405
2023-04-24T17:34:06.000Z,18627,52
2023-04-22T13:22:49.000Z,42354,144
2023-04-24T12:22:43.000Z,4398,158
2023-04-21T13:06:36.000Z,35701,194
2023-04-20T13:03:57.000Z,67097,217
2023-04-20T20:45:15.000Z,13328,80
2023-04-22T20:30:11.000Z,20939,60
2023-04-18T21:56:00.000Z,50625,179
2023-04-19T19:00:27.000Z,12998,62
2023-04-18T16:43:05.000Z,23701,118
2023-04-15T07:00:11.000Z,15212,59
2023-04-16T19:00:16.000Z,21297,73
2023-04-16T15:15:25.000Z,25369,132
2023-04-21T20:15:12.000Z,21128,77
2023-04-12T19:30:13.000Z,38183,134
2023-04-14T13:48:31.000Z,35241,202
2023-04-24T21:35:13.000Z,15226,82
2023-04-12T16:05:06.000Z,71202,302
2023-04-09T19:00:13.000Z,20919,70
2023-04-06T19:30:13.000Z,20397,86
2023-04-09T12:36:06.000Z,20884,75
2023-04-06T16:40:31.000Z,13830,81
2023-04-05T16:13:44.000Z,113321,439
2023-04-23T19:30:08.000Z,14531,53
2023-04-10T16:10:26.000Z,24867,113
2023-04-02T19:00:17.000Z,21756,95
2023-04-03T16:31:35.000Z,73826,201
2023-04-05T19:30:14.000Z,23644,108
2023-04-02T14:31:22.000Z,51728,159
2023-04-11T16:00:51.000Z,18056,92
2023-04-17T17:10:14.000Z,15254,66
2023-04-14T19:00:53.000Z,19588,63
2023-04-13T13:59:27.000Z,27214,249
2022-09-14T13:00:08.000Z,114666,2797
2023-04-13T19:32:08.000Z,11262,63
2023-03-28T19:30:11.000Z,19742,69
2023-03-29T19:00:43.000Z,25990,92
2023-03-28T16:31:53.000Z,18925,90
2023-04-04T20:52:13.000Z,12956,69
2023-04-22T19:04:43.000Z,36096,118
2023-03-24T16:14:44.000Z,42855,112
2023-03-23T20:07:20.000Z,17657,113
2023-04-10T19:31:08.000Z,22690,84
2023-03-23T15:48:12.000Z,35027,126
2023-03-22T19:00:39.000Z,12089,41
2023-03-22T15:13:39.000Z,17483,89
2023-04-07T17:05:15.000Z,203651,2854
2023-03-27T16:15:14.000Z,15842,77
2023-03-21T13:30:13.000Z,18707,110
2023-03-20T17:45:06.000Z,16460,97
2023-03-20T20:00:28.000Z,14751,55
2023-03-30T18:15:10.000Z,19966,142
2023-03-29T13:08:12.000Z,6745,103
2023-03-24T20:36:08.000Z,13332,43
2023-04-23T16:37:53.000Z,23442,85
2023-04-01T13:00:46.000Z,18082,76
2023-04-20T18:05:49.000Z,63330,199
2023-04-08T15:11:07.000Z,19731,67
2023-04-19T16:00:02.000Z,25416,94
2023-03-19T21:00:14.000Z,15366,66
2023-04-04T13:44:03.000Z,26627,208
2023-04-03T20:05:09.000Z,11419,61
2023-03-16T20:01:09.000Z,30300,163
2023-03-13T13:30:53.000Z,18151,61
2023-03-15T13:38:39.000Z,60097,214
2023-03-14T16:29:38.000Z,10841,53
2023-03-15T17:07:54.000Z,43667,114
2023-03-13T19:20:08.000Z,21365,72
2023-03-14T20:28:08.000Z,8562,40
2023-03-17T15:40:47.000Z,14156,74
2023-04-07T20:30:14.000Z,20141,78
2023-03-26T19:00:20.000Z,13421,58
2023-04-08T19:00:23.000Z,18917,71
2023-03-11T20:00:16.000Z,16970,55
2023-03-11T15:02:19.000Z,130979,7407
2023-03-09T20:00:21.000Z,16635,50
2023-03-25T13:00:30.000Z,26913,85
2023-03-06T17:25:12.000Z,23205,117
2023-03-05T20:00:17.000Z,15129,62
2023-03-07T13:53:26.000Z,36451,160
2023-03-05T17:38:26.000Z,16222,62
2023-03-09T15:04:24.000Z,69604,466
2023-03-18T13:02:49.000Z,46357,106
2023-03-03T20:10:08.000Z,16764,115
2023-03-01T14:37:47.000Z,13954,62
2023-03-03T13:01:04.000Z,15152,45
2023-03-01T20:00:27.000Z,7956,51
2023-03-31T13:00:56.000Z,19424,89
2023-03-12T14:44:41.000Z,16042,59
2023-03-26T13:51:35.000Z,67677,192
2023-03-16T17:01:23.000Z,24442,50
2023-03-18T17:30:08.000Z,14847,51
2023-03-01T00:00:18.000Z,27855,126
2023-03-12T19:00:12.000Z,19623,61
2023-02-26T17:02:24.000Z,24144,87
2023-03-07T20:15:11.000Z,18259,80
2023-02-21T17:18:06.000Z,13575,45
2023-03-15T22:57:09.000Z,11248,73
2023-02-25T14:15:37.000Z,20336,95
2023-02-22T20:20:06.000Z,8913,46
2023-03-02T19:30:15.000Z,13835,71
2023-03-08T14:03:16.000Z,8062,101
2023-02-20T16:13:20.000Z,16377,68
2023-02-24T20:00:29.000Z,25019,85
2023-02-25T20:00:15.000Z,13732,73
2023-03-10T17:01:20.000Z,21820,72
2023-02-18T14:41:03.000Z,13846,32
2023-02-16T21:05:13.000Z,13729,54
2023-02-19T14:00:19.000Z,14632,53
2023-02-17T16:55:37.000Z,10209,56
2023-02-20T20:00:22.000Z,11539,64
2023-02-28T14:40:17.000Z,17880,104
2023-02-13T17:01:39.000Z,7366,48
2023-02-16T16:44:05.000Z,12543,2099
2023-02-14T20:48:13.000Z,16199,94
2023-02-17T20:22:09.000Z,12962,35
2023-02-23T17:29:32.000Z,15695,66
2023-02-28T22:07:39.000Z,15811,69
2023-02-15T18:20:11.000Z,12432,90
2023-02-18T20:00:19.000Z,11493,46
2023-02-09T19:05:15.000Z,17145,219
2023-02-09T16:23:08.000Z,13503,57
2023-02-10T09:03:49.000Z,383627,1307
2023-02-07T17:05:26.000Z,11097,198
2023-02-11T14:58:26.000Z,36208,137
2023-02-10T20:08:08.000Z,7906,68
2023-02-06T20:15:11.000Z,11770,77
2023-02-12T14:00:31.000Z,18738,92
2023-02-27T17:20:12.000Z,11653,66
2023-02-08T22:12:15.000Z,10892,61
2023-02-09T23:21:15.000Z,15453,73
2023-02-08T17:14:20.000Z,15590,60
2023-03-02T13:35:50.000Z,21385,134
2023-02-22T15:14:10.000Z,16380,87
2023-02-21T22:54:23.000Z,19120,145
2023-03-08T19:30:17.000Z,11101,80
2023-02-24T14:09:03.000Z,14789,90
2023-02-13T21:00:19.000Z,18707,63
2023-02-11T19:30:10.000Z,14790,57
2023-03-19T15:56:32.000Z,10998,63
2023-02-04T18:35:40.000Z,61336,183
2023-02-01T23:38:48.000Z,11975,73
2023-02-05T23:56:36.000Z,29926,98
2023-01-31T23:37:05.000Z,17945,84
2023-02-03T17:19:11.000Z,20790,101
2023-02-02T19:13:14.000Z,17234,82
2023-02-14T14:30:17.000Z,21698,89
2023-03-04T14:00:28.000Z,15297,78
2023-01-30T02:15:04.000Z,23607,84
2023-01-30T17:13:10.000Z,13827,57
2023-01-24T17:29:14.000Z,14451,98
2023-01-23T20:51:04.000Z,16633,65
2023-01-29T17:18:32.000Z,8436,47
2023-01-25T16:23:30.000Z,52050,288
2023-02-23T20:55:11.000Z,10105,49
2023-02-05T18:36:01.000Z,19407,91
2023-01-31T17:46:36.000Z,29952,79
2023-01-26T23:23:05.000Z,11502,69
2023-01-28T21:21:20.000Z,19663,70
2023-01-23T16:59:16.000Z,19511,107
2023-01-24T21:40:10.000Z,9188,52
2023-01-20T16:40:06.000Z,16658,79
2023-01-22T22:40:07.000Z,14588,63
2023-01-22T14:36:51.000Z,13152,94
2023-01-18T17:45:02.000Z,46007,183
2023-01-19T14:18:46.000Z,7683,50
2023-01-21T14:08:14.000Z,10364,83
2023-01-18T21:15:37.000Z,15401,80
2023-02-05T01:21:56.000Z,21160,65
2023-01-17T18:30:13.000Z,14328,75
2023-01-19T20:46:11.000Z,12697,61
2023-02-01T20:50:10.000Z,16870,73
2023-01-16T20:10:50.000Z,22955,71
2023-02-01T17:24:01.000Z,55776,165
2023-01-16T15:07:36.000Z,16318,62
2023-01-15T15:27:40.000Z,20441,76
2023-01-13T18:29:38.000Z,11765,53
2023-01-27T17:25:09.000Z,11721,59
2023-01-12T14:30:12.000Z,11328,56
2023-01-25T21:40:07.000Z,9803,43
2023-01-14T15:33:46.000Z,80386,316
2023-01-09T20:08:09.000Z,19850,74
2023-02-02T22:40:09.000Z,13389,55
2023-01-10T14:07:07.000Z,11531,71
2023-01-07T12:40:09.000Z,17242,46
2023-01-07T20:06:07.000Z,48281,107
2023-01-05T17:20:44.000Z,114582,377
2023-01-09T14:32:21.000Z,19079,127
2023-01-06T14:30:11.000Z,43975,187
2023-01-01T20:00:14.000Z,21087,46
2023-01-02T16:00:35.000Z,35528,86
2022-12-31T21:00:19.000Z,11443,34
2023-01-05T20:20:10.000Z,12634,91
2023-01-11T21:30:13.000Z,21896,108
2022-12-29T20:00:19.000Z,13203,47
2023-01-21T21:15:06.000Z,13896,152
2022-12-28T20:53:06.000Z,13656,61
2023-01-26T14:08:08.000Z,20504,412
2023-01-04T21:20:09.000Z,17543,48
2022-12-27T17:43:34.000Z,20512,64
2023-01-04T18:06:31.000Z,18638,52
2022-12-28T15:03:00.000Z,32429,148
2023-01-03T20:10:40.000Z,249062,873
2022-12-24T20:00:19.000Z,19396,56
2023-01-08T14:07:06.000Z,16221,37
2023-01-11T18:44:45.000Z,28216,92
2022-12-22T21:50:10.000Z,12137,49
2022-12-21T20:00:29.000Z,18125,46
2022-12-26T20:00:18.000Z,18491,64
2023-01-14T21:27:30.000Z,14825,54
2022-12-23T20:50:07.000Z,23402,45
2023-01-08T20:00:17.000Z,14477,60
2022-12-24T14:39:28.000Z,123918,528
2022-12-20T20:30:12.000Z,21403,38
2022-12-14T14:55:25.000Z,12248,55
2022-12-17T20:00:18.000Z,14883,35
2022-12-16T21:00:26.000Z,17636,60
2022-12-18T14:08:53.000Z,20082,342
2022-12-13T20:15:11.000Z,17227,65
2022-12-12T20:55:05.000Z,20514,71
2022-12-31T16:43:12.000Z,23788,81
2023-01-01T14:05:06.000Z,100703,910
2022-12-15T13:53:41.000Z,70536,108023
2022-12-29T17:44:28.000Z,22616,76
2022-12-25T14:01:30.000Z,15089,50
2022-12-26T14:40:21.000Z,10870,43
2022-12-22T17:57:23.000Z,27376,74
2022-12-23T15:41:41.000Z,52032,885
2022-12-31T16:43:12.000Z,23788,81
2022-12-19T20:00:44.000Z,18108,61
2022-12-19T16:08:35.000Z,26986,93
2022-12-30T16:54:08.000Z,19029,59
2022-12-18T20:00:15.000Z,14302,132
2022-12-07T20:29:09.000Z,27057,89
2022-12-17T14:57:01.000Z,15520,46
2022-12-09T17:19:23.000Z,9070,26
2022-12-12T17:22:03.000Z,10545,41
2022-12-06T21:05:10.000Z,12850,42
2022-12-11T20:00:16.000Z,13943,37
2022-12-08T17:47:09.000Z,8175,32
2022-12-06T17:24:02.000Z,8007,70
2022-12-04T20:00:15.000Z,13127,54
2022-12-14T21:17:10.000Z,20387,63
2022-12-08T20:30:12.000Z,11313,50
2022-11-30T19:30:12.000Z,19574,83
2022-11-29T20:44:08.000Z,23989,66
2022-12-10T21:59:07.000Z,14218,55
2022-11-29T13:48:47.000Z,11503,56
2022-11-24T15:34:23.000Z,27434,177
2022-11-25T20:00:23.000Z,26622,74
2022-12-04T15:11:42.000Z,14742,75
2022-11-27T20:00:14.000Z,14204,50
2022-11-22T20:26:46.000Z,8113,32
2022-11-21T20:29:17.000Z,24297,185
2022-11-19T20:20:07.000Z,13744,81
2022-11-25T14:01:10.000Z,17009,77
2022-11-20T14:00:24.000Z,46428,171
2022-11-18T15:04:42.000Z,200593,840
2022-11-19T15:37:07.000Z,166416,1453
2022-11-16T15:09:58.000Z,19799,71
2022-11-18T20:40:37.000Z,15419,113
2022-11-16T23:03:06.000Z,20367,150
2022-12-07T14:05:13.000Z,13324,57
2022-11-24T20:10:10.000Z,14651,35
2022-11-26T14:52:17.000Z,13719,59
2022-12-01T14:53:13.000Z,132766,621
2022-12-09T20:40:06.000Z,14005,37
2022-12-21T16:36:44.000Z,11150,61
2022-11-26T20:00:16.000Z,15549,37
2022-11-23T21:15:09.000Z,12989,68
2022-12-05T17:50:10.000Z,15156,57
2022-12-02T20:30:14.000Z,9614,42
2022-12-27T20:54:06.000Z,13558,47
2022-12-03T15:00:47.000Z,15241,70
2022-12-10T14:27:04.000Z,12134,48
2022-11-21T14:00:41.000Z,22018,86
2022-11-28T18:25:56.000Z,14476,63
2022-11-23T14:39:26.000Z,48980,413
2022-11-27T14:21:59.000Z,18946,96
2022-11-12T14:06:07.000Z,11256,81
2022-11-13T19:21:44.000Z,14566,1065
2022-11-08T22:30:13.000Z,9920,35
2022-12-11T16:51:40.000Z,22213,70
2022-12-01T20:40:06.000Z,17676,73
2022-11-09T17:13:56.000Z,24809,83
2022-12-02T14:47:07.000Z,27027,165
2022-11-30T15:13:01.000Z,20053,92
2022-11-14T20:30:12.000Z,23785,144
2022-12-20T16:36:37.000Z,247124,419
2022-11-13T14:03:49.000Z,7763,56
2022-11-10T19:00:33.000Z,17520,81
2022-12-16T15:15:52.000Z,14494,167
2022-11-17T17:57:04.000Z,10760,50
2022-11-14T17:43:37.000Z,20040,64
2022-11-11T19:31:03.000Z,9366,56
2022-12-13T16:48:18.000Z,14966,102
2022-11-15T21:00:29.000Z,16983,124
2022-11-08T13:58:48.000Z,14507,68
2022-11-07T20:48:07.000Z,18243,63
2022-11-03T19:20:10.000Z,39703,128
2022-11-04T19:00:29.000Z,25544,95
2022-11-07T17:10:18.000Z,7887,41
2022-11-12T19:00:19.000Z,7380,39
2022-11-17T20:54:08.000Z,18504,62
2022-11-03T16:04:48.000Z,21132,96
2022-11-02T19:37:08.000Z,18398,72
2022-10-28T16:56:18.000Z,33090,97
2022-10-30T19:00:14.000Z,27803,84
2022-11-05T15:27:31.000Z,9901,43
2022-10-31T16:19:52.000Z,28834,210
2022-11-08T18:31:30.000Z,15009,61
2022-11-01T14:21:07.000Z,27161,89
2022-11-01T20:15:12.000Z,17992,76
2022-10-29T15:28:06.000Z,17449,69
2022-11-02T16:28:18.000Z,28755,70
2022-11-05T19:00:16.000Z,25233,61
2022-10-29T19:00:20.000Z,17677,37
2022-11-04T16:01:28.000Z,83155,470
2022-11-09T20:30:14.000Z,12888,54
2022-10-30T16:02:03.000Z,12403,67
2022-11-06T16:56:16.000Z,9339,50
2022-11-06T20:30:09.000Z,14224,31
2022-10-25T20:28:18.000Z,13696,43
2022-10-26T15:39:22.000Z,46179,263
2022-10-28T19:40:10.000Z,16370,52
2022-10-23T14:51:00.000Z,7493,36
2022-10-23T18:00:24.000Z,15600,49
2022-10-21T18:00:38.000Z,23894,62
2022-10-20T13:17:05.000Z,133763,589
2022-10-18T13:40:12.000Z,21274,139
2022-10-16T18:30:54.000Z,13913,61
2022-10-31T19:30:15.000Z,33937,96
2022-10-19T19:40:12.000Z,13304,61
2022-10-21T13:03:01.000Z,15304,68
2022-10-12T12:00:25.000Z,13208,46
2022-10-14T20:30:14.000Z,18406,51
2022-10-18T20:35:09.000Z,12007,50
2022-10-10T12:52:22.000Z,71397,169
2022-10-11T12:22:20.000Z,36108,128
2022-10-13T16:33:10.000Z,22069,137
2022-10-13T20:00:30.000Z,19181,43
2022-10-05T19:46:49.000Z,13035,56
2022-10-01T19:00:17.000Z,18841,54
2022-10-02T16:30:09.000Z,31252,79
2022-10-16T13:00:28.000Z,27565,54
2022-09-30T16:13:26.000Z,13797,58
2022-10-25T17:29:35.000Z,27393,207
2022-10-03T13:37:57.000Z,22175,94
2022-09-30T19:30:18.000Z,20621,109
2022-09-28T16:30:13.000Z,25105,100
2022-10-07T19:37:05.000Z,28190,121
2022-10-08T13:00:30.000Z,18898,61
2022-10-07T16:18:43.000Z,18460,117
2022-10-05T16:50:35.000Z,23715,121
2022-09-27T19:30:15.000Z,24390,84
2022-09-23T18:20:57.000Z,36437,248
2022-09-25T19:00:15.000Z,16426,79
2022-09-25T14:25:14.000Z,13022,57
2022-09-18T20:47:32.000Z,19322,64
2022-10-14T13:42:18.000Z,105814,624
2022-09-27T15:49:22.000Z,11467,48
2022-09-18T13:50:00.000Z,13015,66
2022-10-17T17:45:13.000Z,19319,104
2022-09-17T13:05:02.000Z,13387,78
2022-09-21T19:30:15.000Z,17108,88
2022-10-22T15:40:15.000Z,8419,37
2022-10-27T16:37:07.000Z,24982,89
2022-10-22T18:00:23.000Z,36544,100
2022-09-16T13:03:08.000Z,10582,82
2022-09-20T13:07:24.000Z,167180,689
2022-09-15T13:01:00.000Z,58790,796
2022-09-19T19:47:13.000Z,21568,85
2022-10-02T20:22:50.000Z,27491,83
2022-10-11T18:00:41.000Z,14799,52
2022-09-12T13:09:53.000Z,57571,1383
2022-09-10T19:00:24.000Z,21813,46
2022-09-13T12:59:08.000Z,21632,359
2022-09-11T14:08:27.000Z,199521,818
2022-09-11T18:15:08.000Z,24235,82
2022-09-26T16:08:02.000Z,15430,208
2022-09-10T14:15:15.000Z,17569,64
2022-09-08T20:21:09.000Z,71746,187
2022-09-16T18:44:02.000Z,12235,93
2022-09-08T16:45:51.000Z,18044,88
2022-09-06T16:30:13.000Z,28271,63
2022-10-09T18:00:18.000Z,19830,62
2022-10-15T18:00:27.000Z,14134,53
2022-10-24T16:25:08.000Z,28318,82
2022-10-06T20:00:32.000Z,29217,112
2022-12-25T14:01:30.000Z,15089,50
2022-09-03T19:00:17.000Z,14865,33
2022-09-26T19:45:10.000Z,26407,155
2022-10-19T14:11:34.000Z,13532,75
2022-10-15T17:05:15.000Z,23307,84
2022-09-04T15:21:13.000Z,17292,56
2022-09-03T14:33:56.000Z,45266,134
2022-10-01T15:17:39.000Z,17487,148
2022-09-05T13:44:52.000Z,29808,121
2022-09-23T21:00:30.000Z,15559,100
2022-10-04T13:00:57.000Z,61400,184
2022-08-30T16:08:32.000Z,34421,137
2022-09-20T19:32:23.000Z,15768,84
2022-10-03T19:10:11.000Z,23278,86
2022-09-04T18:00:21.000Z,23176,53
2022-09-24T14:00:45.000Z,40592,247
2022-08-31T13:06:03.000Z,7648,47
2022-09-02T16:40:10.000Z,36629,109
2022-09-22T16:12:12.000Z,19358,64
2022-08-29T21:10:06.000Z,13514,33
2022-08-29T16:59:22.000Z,19575,60
2022-08-28T19:00:18.000Z,38418,132
2022-08-26T16:00:06.000Z,14522,116
2022-09-17T17:35:27.000Z,10796,77
2022-08-25T13:08:41.000Z,12384,65
2022-08-27T19:00:25.000Z,14990,26
2022-08-25T19:02:58.000Z,16809,53
2022-08-22T19:36:08.000Z,18186,35
2022-09-11T21:30:10.000Z,20073,56
2022-08-24T14:00:56.000Z,15374,54
2022-08-22T16:22:04.000Z,234062,1290
2022-08-21T19:35:05.000Z,29436,61
2022-08-24T20:48:21.000Z,12367,55
2022-08-23T14:16:56.000Z,29067,170
2022-10-09T14:03:46.000Z,42462,302
2022-09-29T16:17:06.000Z,15936,55
2022-08-31T21:10:09.000Z,61994,153
2022-08-23T19:55:09.000Z,14330,44
2022-10-06T16:13:30.000Z,82773,364
2022-08-26T19:00:46.000Z,12063,35
2022-09-09T19:36:09.000Z,28233,68
2022-09-20T21:51:01.000Z,13509,83
2022-09-23T14:24:51.000Z,21558,122
2022-08-21T16:33:24.000Z,13175,50
2022-09-05T19:00:24.000Z,27514,57
2022-09-09T12:43:30.000Z,193823,1056
2022-09-29T19:00:44.000Z,15852,37
2022-08-30T19:45:12.000Z,17574,48
2022-09-06T16:36:51.000Z,22576,93
2022-08-18T20:55:15.000Z,21209,75
2022-09-07T16:10:13.000Z,31238,82
2022-08-19T17:46:09.000Z,32092,76
2022-08-17T22:25:32.000Z,23324,91
2022-08-17T17:00:38.000Z,13031,28
2022-08-16T16:35:25.000Z,19485,59
2022-08-14T13:09:13.000Z,21972,90
2022-08-15T15:19:05.000Z,17232,50
2022-08-20T17:41:07.000Z,19482,41
2022-09-19T14:59:17.000Z,19868,104
2022-10-26T20:26:08.000Z,23809,53
2022-08-13T18:26:08.000Z,40404,73
2022-08-10T19:00:36.000Z,23101,81
2022-08-12T19:10:09.000Z,13055,29
2022-08-08T16:09:24.000Z,108407,389
2022-08-07T16:00:37.000Z,29693,60
2022-08-09T21:00:21.000Z,14485,27
2022-08-11T20:39:08.000Z,14437,38
2022-08-08T20:30:12.000Z,24793,58
2022-08-10T14:08:49.000Z,122287,725
2022-08-11T16:11:47.000Z,18048,73
2022-08-06T19:00:19.000Z,49827,95
2022-08-04T20:30:14.000Z,17306,50
2022-08-06T14:53:42.000Z,21111,70
2022-07-30T14:24:06.000Z,34792,93
2022-08-14T19:00:17.000Z,41281,80
2022-08-09T16:43:10.000Z,29728,160
2022-08-03T18:08:50.000Z,21203,96
2022-08-03T20:40:09.000Z,14479,51
2022-08-02T14:56:44.000Z,26978,134
2022-07-29T19:05:06.000Z,17858,42
2022-07-27T15:19:07.000Z,73291,355
2022-07-26T19:15:14.000Z,19799,81
2022-09-01T16:38:16.000Z,7779,35
2022-07-29T14:00:13.000Z,7767,37
2022-07-24T19:19:07.000Z,21417,71
2022-07-27T22:27:07.000Z,15428,46
2022-08-18T17:24:11.000Z,13233,53
2022-07-28T15:29:12.000Z,22239,95
2022-09-14T13:04:44.000Z,56355,1011
2022-09-01T20:50:17.000Z,26252,66
2022-08-05T17:12:11.000Z,27289,56
2022-07-22T23:28:05.000Z,17183,42
2022-07-22T17:19:50.000Z,19710,75
2022-08-16T21:56:10.000Z,19175,79
2022-07-20T19:20:10.000Z,18987,45
2022-08-02T19:33:05.000Z,23699,101
2022-07-20T15:41:36.000Z,10495,53
2022-07-19T16:04:56.000Z,14313,80
2022-07-16T19:02:07.000Z,26296,62
2022-07-18T16:05:32.000Z,37932,75
2022-07-16T13:34:09.000Z,19243,61
2022-07-13T17:40:14.000Z,41417,77
2022-07-15T20:00:31.000Z,15200,40
2022-07-12T19:11:19.000Z,38620,187
2022-07-08T17:12:30.000Z,25457,103
2022-08-12T14:28:20.000Z,12892,70
2022-07-11T16:21:03.000Z,54173,216
2022-07-14T16:27:56.000Z,50387,195
2022-07-11T19:38:07.000Z,18257,98
2022-07-06T19:30:11.000Z,13206,43
2022-07-12T17:01:35.000Z,20677,68
2022-08-04T13:40:25.000Z,43086,192
2022-07-31T21:20:50.000Z,48760,167
2022-07-02T19:09:05.000Z,19414,37
2022-07-05T16:17:38.000Z,28048,63
2022-06-30T16:00:50.000Z,23824,47
2022-07-21T16:34:47.000Z,66289,308
2022-07-01T15:53:11.000Z,11321,82
2022-07-26T14:09:48.000Z,16711,84
2022-07-31T19:00:18.000Z,27322,58
2022-07-10T13:25:05.000Z,53103,147
2022-07-23T14:00:31.000Z,17494,38
2022-07-09T19:08:08.000Z,21498,58
2022-06-28T19:55:26.000Z,21607,91
2022-07-03T15:00:19.000Z,26702,58
2022-07-19T19:16:09.000Z,12779,27
2022-06-29T19:18:08.000Z,21974,50
2022-08-01T14:01:06.000Z,24598,126
2022-07-14T20:28:35.000Z,17306,36
2022-07-04T19:43:43.000Z,13871,45
2022-07-15T16:14:38.000Z,11437,52
2022-07-21T20:00:29.000Z,16145,31
2022-07-25T18:02:06.000Z,17702,72
2022-08-27T17:23:18.000Z,14589,55
2022-07-17T19:00:14.000Z,30063,58
2022-06-26T15:42:19.000Z,103012,480
2022-06-26T19:00:15.000Z,33814,71
2022-07-01T19:00:33.000Z,19893,52
2022-06-23T13:33:07.000Z,13232,45
2022-06-27T19:00:34.000Z,16591,58
2022-07-02T14:11:56.000Z,38507,119
2022-07-17T13:55:39.000Z,189015,827
2022-06-27T16:38:09.000Z,16392,74
2022-07-09T15:34:27.000Z,20364,79
2022-07-08T19:53:07.000Z,24253,58
2022-06-24T19:29:43.000Z,28975,0
2022-06-28T17:36:06.000Z,20736,43
2022-06-22T17:58:05.000Z,31512,68
2022-06-25T19:00:15.000Z,19930,62
2022-07-23T22:33:46.000Z,11135,64
2022-06-20T14:55:39.000Z,27239,196
2022-06-17T13:06:54.000Z,10195,32
2022-06-19T14:20:20.000Z,33539,226
2022-07-07T20:41:07.000Z,20898,82
2022-06-16T19:00:41.000Z,46854,176
2022-06-17T20:15:07.000Z,22231,51
2022-06-29T13:07:05.000Z,33275,142
2022-06-16T16:58:20.000Z,8787,0
2022-07-07T15:57:50.000Z,12012,49
2022-07-28T20:23:52.000Z,31885,135
2022-06-25T14:23:04.000Z,62006,124
2022-06-23T19:53:59.000Z,10757,46
2022-07-06T16:03:44.000Z,14452,56
2022-07-24T14:33:28.000Z,24211,116
2022-06-21T19:20:09.000Z,18794,71
2022-06-18T18:37:05.000Z,14620,25
2022-06-18T14:39:40.000Z,9692,37
2022-06-19T18:42:06.000Z,24517,47
2022-06-21T16:50:13.000Z,11506,65
2022-06-20T18:50:08.000Z,18934,44
2022-07-04T14:06:32.000Z,33045,152
2022-06-15T20:41:21.000Z,27146,145
2022-06-13T16:48:53.000Z,13633,60
2022-06-14T15:13:07.000Z,14515,106
2022-06-09T14:48:25.000Z,10431,52
2022-06-14T20:40:08.000Z,12631,41
2022-06-13T21:45:09.000Z,21430,55
2022-06-10T17:00:45.000Z,17100,65
2022-06-09T18:49:08.000Z,26815,65
2022-06-10T12:33:14.000Z,15643,33
2022-06-11T15:57:21.000Z,31059,165
2022-06-12T17:00:17.000Z,29345,99
2022-06-15T16:34:00.000Z,15297,113
2022-06-08T14:31:57.000Z,11820,56
2022-06-07T19:19:05.000Z,21785,63
2022-06-06T15:43:39.000Z,150435,961
2022-06-03T14:05:35.000Z,11731,45
2022-06-05T15:30:40.000Z,17130,50
2022-06-02T14:11:10.000Z,13169,176
2022-06-06T19:40:08.000Z,14137,25
2022-05-29T15:45:08.000Z,16432,91
2022-05-31T20:52:07.000Z,17374,42
2022-05-28T14:07:45.000Z,12080,49
2022-06-01T18:00:46.000Z,14154,122
2022-05-28T19:17:07.000Z,24567,56
2022-06-04T15:17:27.000Z,11881,40
2022-05-29T19:10:05.000Z,24350,69
2022-06-03T21:33:04.000Z,14814,37
2022-05-27T20:39:49.000Z,33651,166
2022-05-27T18:09:02.000Z,18070,77
2022-05-22T16:06:15.000Z,16586,48
2022-05-20T19:53:02.000Z,13777,46
2022-05-24T13:38:35.000Z,21165,162
2022-05-14T19:00:15.000Z,44127,79
2022-06-04T19:19:07.000Z,21521,44
2022-05-19T19:30:07.000Z,19852,56
2022-05-20T16:05:23.000Z,38009,136
2022-05-23T13:35:28.000Z,38493,220
2022-05-15T15:33:34.000Z,31320,100
2022-05-22T19:03:05.000Z,28907,53
2022-05-18T23:28:07.000Z,15116,46
2022-05-21T17:08:22.000Z,20807,68
2022-05-18T19:11:52.000Z,22180,125
2022-05-16T16:44:00.000Z,11968,47
2022-05-24T19:37:08.000Z,20525,78
2022-05-13T20:25:28.000Z,26039,76
2022-05-16T19:55:15.000Z,29071,101
2022-05-15T20:56:41.000Z,40681,255
2022-05-14T13:35:48.000Z,20571,58
2022-06-02T22:25:29.000Z,38095,185
2022-06-07T14:04:59.000Z,14488,67
2022-05-17T16:43:49.000Z,34283,89
2022-05-30T15:58:25.000Z,19129,87
2022-05-19T16:11:16.000Z,15905,47
2022-05-30T19:30:11.000Z,26874,68
2022-06-01T13:00:49.000Z,24076,36
2022-05-08T20:09:15.000Z,17223,81
2022-05-03T13:33:51.000Z,12673,47
2022-05-11T16:42:06.000Z,28631,73
2022-05-23T19:03:52.000Z,24577,60
2022-06-08T18:35:10.000Z,15044,25
2022-05-10T15:22:58.000Z,36390,135
2022-05-04T19:29:01.000Z,48843,281
2022-05-09T16:24:47.000Z,21786,83
2022-05-10T19:52:44.000Z,16338,49
2022-04-30T20:20:09.000Z,23988,68
2022-06-05T19:00:13.000Z,23336,47
2022-05-02T16:50:02.000Z,26600,104
2022-05-09T17:31:07.000Z,7290,24
2022-05-07T15:03:45.000Z,13871,46
2022-05-07T20:44:10.000Z,27479,49
2022-05-04T13:26:45.000Z,21997,74
2022-05-02T20:13:50.000Z,28059,51
2022-05-05T21:49:45.000Z,37613,74
2022-05-05T16:23:40.000Z,33591,134
2022-05-12T19:51:06.000Z,30343,67
2022-05-31T16:19:17.000Z,19585,81
2022-05-12T16:00:33.000Z,13611,46
2022-05-08T14:02:22.000Z,24300,47
2022-05-03T19:52:22.000Z,21113,41
2022-05-01T15:28:40.000Z,38730,99
2022-04-27T17:49:41.000Z,11848,40
2022-04-26T16:09:36.000Z,35322,109
2022-04-27T19:32:45.000Z,19967,69
2022-04-29T13:18:10.000Z,15038,48
2022-04-24T13:21:18.000Z,64468,399
2022-04-24T20:50:09.000Z,90168,186
2022-04-25T20:40:38.000Z,21414,39
2022-04-28T19:52:06.000Z,28403,97
2022-04-28T16:08:22.000Z,14054,43
2022-04-25T16:21:25.000Z,83854,752
2022-05-06T16:14:24.000Z,33924,67
2022-04-23T15:26:12.000Z,23249,91
2022-04-21T20:33:49.000Z,19059,59
2022-04-20T19:36:37.000Z,27419,72
2022-04-18T19:35:58.000Z,30906,69
2022-04-19T13:45:16.000Z,15597,73
2022-04-18T16:17:02.000Z,12884,67
2022-04-17T19:37:11.000Z,31077,52
2022-04-30T14:31:51.000Z,29884,121
2022-04-19T19:08:04.000Z,20915,51
2022-04-13T15:50:15.000Z,34104,130
2022-04-15T21:32:50.000Z,33056,72
2022-04-12T13:04:59.000Z,35680,721
2022-04-14T22:20:06.000Z,26551,51
2022-04-16T16:43:44.000Z,15701,88
2022-04-14T20:40:49.000Z,16277,45
2022-04-13T22:12:58.000Z,13491,40
2022-04-22T16:15:57.000Z,23160,78
2022-04-29T19:46:52.000Z,29824,106
2022-04-11T20:16:48.000Z,75623,156
2022-04-14T16:06:48.000Z,11811,36
2022-04-17T16:23:48.000Z,21792,75
2022-04-20T15:33:51.000Z,14869,75
2022-04-22T21:09:14.000Z,21562,65
2022-04-12T20:23:46.000Z,21274,40
2022-04-15T19:20:31.000Z,31350,120
2022-04-10T17:34:49.000Z,198491,1695
2022-04-10T20:40:19.000Z,24064,54
2022-04-16T20:05:41.000Z,39554,88
2022-04-06T20:16:09.000Z,26121,88
2022-04-11T13:06:56.000Z,12225,229
2022-04-06T13:28:21.000Z,17147,108
2022-04-05T19:51:39.000Z,15683,69
2022-04-07T19:18:22.000Z,26554,70
2022-04-04T19:25:15.000Z,15402,41
2022-04-05T16:25:19.000Z,32676,97
2022-04-03T16:37:12.000Z,35468,120
2022-04-03T01:36:48.000Z,24546,80
2022-03-30T16:35:09.000Z,41873,290
2022-04-02T17:00:47.000Z,16321,36
2022-04-01T16:11:34.000Z,34522,70
2022-03-29T19:05:20.000Z,20274,39
2022-03-30T19:27:07.000Z,36767,101
2022-03-31T13:03:42.000Z,17121,241
2022-04-04T16:27:56.000Z,33455,83
2022-04-21T16:07:41.000Z,21995,123
2022-04-07T16:28:30.000Z,25255,206
2022-04-06T16:36:31.000Z,12096,41
2022-04-08T19:15:42.000Z,26411,60
2022-04-09T14:22:49.000Z,25651,63
2022-03-29T14:06:06.000Z,15842,45
2022-04-08T12:59:44.000Z,12741,118
2022-03-28T16:25:04.000Z,30658,54
2022-03-27T17:20:22.000Z,23846,64
2022-03-27T20:25:58.000Z,70589,171
2022-03-25T16:21:39.000Z,36791,96
2022-03-22T20:28:44.000Z,39197,94
2022-03-23T20:36:25.000Z,28567,108
2022-03-23T13:16:32.000Z,70492,361
2022-03-26T15:04:13.000Z,32982,64
2022-03-28T20:19:37.000Z,16870,51
2022-03-25T19:36:29.000Z,19035,74
2022-03-19T14:02:02.000Z,44008,75
2022-03-20T13:24:28.000Z,17391,71
2022-03-17T14:37:43.000Z,13503,34
2022-03-17T19:27:38.000Z,35593,111
2022-03-18T19:15:07.000Z,17700,46
2022-03-18T14:08:41.000Z,20573,32
2022-03-14T16:00:28.000Z,25800,118
2022-03-21T18:26:35.000Z,29208,51
2022-03-15T16:56:24.000Z,30745,61
2022-03-09T20:57:48.000Z,15137,36
2022-03-16T19:58:36.000Z,37027,74
2022-03-13T11:45:49.000Z,1561555,4537
2022-03-21T15:26:19.000Z,14722,40
2022-03-11T16:32:11.000Z,12348,39
2022-03-05T18:30:09.000Z,23182,55
2022-03-10T20:35:50.000Z,30118,80
2022-03-15T20:08:27.000Z,20429,58
2022-03-12T16:37:41.000Z,31522,101
2022-03-05T22:41:09.000Z,16718,35
2022-03-13T18:38:05.000Z,35047,139
2022-03-08T20:27:51.000Z,17705,28
2022-03-06T20:58:22.000Z,25518,65
2022-03-06T15:18:33.000Z,14617,48
2022-03-07T20:59:06.000Z,27814,83
2022-02-27T15:54:02.000Z,28358,88
2022-03-05T15:09:21.000Z,15933,42
2022-03-04T20:56:22.000Z,25349,49
2022-03-03T16:31:49.000Z,16425,79
2022-03-04T16:09:38.000Z,15486,72
2022-03-03T20:18:54.000Z,23252,50
2022-03-01T19:50:56.000Z,39207,101
2022-03-01T14:45:04.000Z,13921,47
2022-02-27T21:02:54.000Z,32160,66
2022-03-24T16:22:40.000Z,25059,86
2022-03-22T17:17:07.000Z,59515,204
2022-02-28T18:12:47.000Z,38305,81
2022-02-21T16:28:34.000Z,26490,71
2022-02-17T20:39:25.000Z,33999,92
2022-02-17T16:29:27.000Z,178728,423
2022-02-23T15:43:53.000Z,33838,90
2022-02-15T00:44:35.000Z,22713,87
2022-03-10T14:40:37.000Z,45546,132
2022-02-16T15:36:34.000Z,40129,113
2022-02-13T21:52:09.000Z,39744,86
2022-02-14T16:28:36.000Z,18010,62
2022-02-13T16:43:24.000Z,63810,298
2022-02-11T16:57:47.000Z,12847,52
2022-02-19T18:53:59.000Z,17900,65
2022-02-07T20:08:31.000Z,33929,59
2022-02-09T21:06:54.000Z,34135,90
2022-03-16T16:13:36.000Z,91112,289
2022-02-22T16:36:31.000Z,22024,84
2022-03-20T20:07:33.000Z,42916,83
2022-02-08T22:49:29.000Z,26068,50
2022-03-08T14:06:22.000Z,15719,172
2022-02-26T19:00:17.000Z,25865,52
2022-02-15T21:07:58.000Z,64623,166
2022-02-26T15:27:41.000Z,22945,104
2022-02-12T17:02:49.000Z,38293,104
2022-03-02T14:26:03.000Z,21503,0
2022-03-02T22:33:11.000Z,29839,65
2022-02-08T16:24:29.000Z,100168,402
2022-02-06T22:45:51.000Z,20417,70
2022-02-05T20:35:56.000Z,48918,87
2022-02-19T22:58:45.000Z,33922,59
2022-02-03T17:06:56.000Z,17173,75
2022-02-02T17:00:46.000Z,64514,210
2022-02-11T20:34:29.000Z,28354,42
2022-02-02T20:09:00.000Z,22519,71
2022-02-01T17:15:34.000Z,53301,110
2022-02-01T19:40:14.000Z,41055,102
2022-01-27T16:04:23.000Z,198477,1813
2022-01-30T17:40:08.000Z,34952,58
2022-02-22T21:13:04.000Z,35737,83
2022-01-29T19:30:06.000Z,60993,101
2022-02-20T15:23:19.000Z,31617,86
2022-02-14T20:50:00.000Z,22560,39
2022-01-31T15:32:12.000Z,72241,436
2022-01-28T20:04:49.000Z,54849,146
2022-01-28T15:03:23.000Z,28006,38
2022-01-27T20:42:01.000Z,35356,52
2022-01-25T21:54:24.000Z,39241,72
2022-01-31T21:51:06.000Z,26064,67
2022-03-02T19:21:08.000Z,14128,57
2022-02-06T15:38:55.000Z,72736,137
2022-01-29T16:31:25.000Z,37323,97
2022-02-10T16:05:53.000Z,23803,88
2022-02-15T17:09:13.000Z,38661,100
2022-01-25T14:03:09.000Z,40479,179
2022-01-24T19:22:42.000Z,41375,74
2022-01-25T00:16:53.000Z,59522,89
2022-01-25T16:56:52.000Z,18770,50
2022-03-09T17:05:41.000Z,29750,53
2022-01-23T14:29:05.000Z,29305,88
2022-01-20T20:51:42.000Z,32584,68
2022-03-11T20:02:28.000Z,69991,178
2022-01-21T14:34:36.000Z,18783,82
2022-02-07T17:32:43.000Z,23369,85
2022-02-03T20:33:18.000Z,43446,104
2022-01-23T22:05:04.000Z,39793,86
2022-02-10T23:19:54.000Z,33037,95
2022-02-18T15:26:57.000Z,25206,63
2022-02-05T16:57:38.000Z,41430,268
2022-01-21T23:00:20.000Z,29111,51
2022-01-16T15:23:06.000Z,24522,64
2022-01-20T16:12:33.000Z,43973,92
2022-01-17T16:18:18.000Z,37331,95
2022-01-26T18:40:20.000Z,53805,119
2022-01-18T16:53:42.000Z,31595,180
2022-01-19T20:14:15.000Z,34539,91
2022-01-14T20:54:01.000Z,29531,77
2022-01-15T19:26:04.000Z,57735,109
2022-01-14T16:43:28.000Z,15489,66
2022-01-15T14:35:46.000Z,87031,314
2022-01-07T20:42:36.000Z,68826,122
2022-01-16T20:10:09.000Z,51158,80
2022-01-08T20:45:50.000Z,52707,80
2022-01-10T17:37:22.000Z,46361,146
2022-02-04T17:29:16.000Z,125234,212
2022-01-11T21:09:38.000Z,61231,92
2022-01-08T14:48:18.000Z,20984,79
2022-01-03T20:43:57.000Z,40931,78
2022-01-09T15:38:59.000Z,139985,544
2021-12-31T19:49:24.000Z,52737,209
2022-01-01T16:16:55.000Z,61884,84
2022-01-02T14:43:28.000Z,26493,106
2022-01-12T20:27:56.000Z,41646,86
2022-01-05T14:38:07.000Z,19661,56
2022-01-11T16:09:20.000Z,13677,42
2022-01-24T20:56:48.000Z,21209,64
2022-01-05T21:00:38.000Z,54613,148
2022-01-02T19:54:07.000Z,36170,64
2022-01-12T17:26:14.000Z,64385,254
2022-01-04T20:54:49.000Z,55316,78
2021-12-23T21:05:49.000Z,28593,93
2021-12-26T21:18:36.000Z,44817,57
2021-12-30T20:31:19.000Z,46243,85
2022-01-18T21:34:19.000Z,40998,127
2021-12-28T18:18:05.000Z,65092,160
2021-12-24T14:15:25.000Z,24705,72
2021-12-22T16:59:25.000Z,34145,71
2021-12-21T20:22:59.000Z,38263,55
2021-12-25T12:18:44.000Z,30729,99
2021-12-18T14:14:29.000Z,60582,115
2021-12-27T16:28:48.000Z,269462,1367
2021-12-31T14:01:08.000Z,35779,52
2021-12-19T16:36:54.000Z,19847,51
2022-01-13T15:23:48.000Z,15641,51
2021-12-15T13:02:06.000Z,71845,142
2021-12-25T19:00:51.000Z,55855,92
2021-12-13T13:26:55.000Z,30904,65
2021-12-12T20:00:23.000Z,83698,141
2021-12-07T16:55:48.000Z,242220,810
2021-12-17T14:34:57.000Z,26624,75
2021-12-14T13:40:56.000Z,188750,1042
2021-12-15T19:09:18.000Z,14162,63
2021-12-14T20:04:10.000Z,38373,59
2021-12-30T16:08:11.000Z,124414,312
2021-12-17T20:59:20.000Z,36165,56
2021-12-21T15:18:24.000Z,27647,160
2021-12-24T21:16:12.000Z,33164,44
2021-12-09T16:16:19.000Z,48361,88
2021-12-16T14:00:11.000Z,74434,963
2021-12-08T14:40:15.000Z,22106,53
2021-12-12T16:09:05.000Z,21773,143
2021-12-11T19:30:06.000Z,46819,60
2021-12-05T14:14:10.000Z,21503,62
2021-12-07T21:09:01.000Z,54718,125
2021-12-29T15:56:41.000Z,25765,63
2021-12-23T15:16:30.000Z,38520,47
2021-12-19T20:00:18.000Z,27873,49
2021-12-11T14:39:43.000Z,31469,111
2021-12-04T14:50:35.000Z,38162,88
2021-12-03T20:31:43.000Z,48330,74
2021-11-29T21:54:59.000Z,42310,92
2021-12-01T14:12:46.000Z,26746,183
2021-12-03T18:05:43.000Z,16180,45
2021-11-25T14:06:23.000Z,25440,76
2021-12-29T20:40:57.000Z,26057,43
2021-12-01T19:46:56.000Z,35219,77
2021-12-02T15:23:32.000Z,49651,1448
2021-11-22T15:44:11.000Z,24351,173
2021-11-28T18:34:05.000Z,57475,109
2021-11-26T13:53:29.000Z,19039,139
2021-11-22T19:48:31.000Z,27727,64
2021-11-23T13:48:45.000Z,60206,105
2021-11-24T20:40:35.000Z,49361,496
2021-11-30T14:45:24.000Z,35561,142
2021-11-26T19:43:47.000Z,33857,64
2021-11-25T19:02:05.000Z,37054,82
2021-12-27T21:42:27.000Z,46739,65
2021-12-26T16:42:24.000Z,14705,56
2021-11-27T13:51:22.000Z,52278,67
2022-01-09T20:46:01.000Z,44529,70
2021-11-28T13:05:33.000Z,35918,166
2021-12-04T20:03:00.000Z,66311,85
2022-01-22T14:52:34.000Z,56254,68
2021-11-29T13:35:00.000Z,13814,56
2021-12-13T20:09:11.000Z,48426,115
2021-12-08T20:00:45.000Z,38025,59
2022-01-06T16:39:44.000Z,71008,203
2021-12-06T20:21:21.000Z,57325,124
2022-01-04T15:14:28.000Z,24771,108
2021-11-30T21:31:13.000Z,49394,85
2022-01-13T20:52:53.000Z,47682,126
2021-12-10T14:13:13.000Z,43253,196
2021-11-24T14:46:20.000Z,24360,70
2021-12-20T19:42:56.000Z,58558,106
2021-11-18T20:18:52.000Z,63339,112
2021-11-20T21:37:14.000Z,41815,79
2021-11-10T20:07:46.000Z,43188,66
2021-11-13T17:17:51.000Z,30847,62
2021-11-14T21:41:47.000Z,59906,90
2021-11-10T15:16:26.000Z,71695,587
2021-11-12T20:17:58.000Z,47719,98
2021-11-14T16:44:56.000Z,34507,104
2021-11-16T16:07:07.000Z,584682,1039
2021-11-09T19:54:38.000Z,46669,95
2021-11-16T20:26:40.000Z,44391,110
2021-11-15T17:08:51.000Z,21666,136
2021-11-12T17:29:32.000Z,56939,262
2021-12-05T19:44:05.000Z,45464,72
2021-12-02T22:28:46.000Z,57326,95
2021-11-11T17:37:17.000Z,15609,69
2022-01-07T15:52:39.000Z,41628,151
2022-01-21T20:20:26.000Z,19685,35
2021-11-19T16:08:48.000Z,31618,77
2021-11-21T17:51:37.000Z,38822,65
2021-11-15T20:34:22.000Z,41089,57
2021-11-17T20:20:20.000Z,53816,142
2021-11-18T17:33:51.000Z,28426,146
2021-11-20T15:16:45.000Z,36008,65
2021-11-10T22:57:05.000Z,26447,75
2021-11-21T13:11:17.000Z,65680,167
2021-12-10T20:46:16.000Z,47991,71
2021-11-17T16:08:34.000Z,21021,63
2021-11-08T17:25:22.000Z,48693,80
2021-11-05T16:49:23.000Z,31638,60
2021-11-02T16:42:25.000Z,54763,108
2021-11-04T16:51:01.000Z,18043,78
2021-11-02T20:06:34.000Z,26019,74
2021-11-04T20:24:32.000Z,24767,30
2021-11-03T15:57:48.000Z,41135,116
2021-11-06T14:48:06.000Z,19664,87
2021-11-06T18:30:11.000Z,70348,233
2021-10-27T22:29:54.000Z,32753,89
2021-10-30T15:42:24.000Z,92727,804
2021-10-29T16:03:58.000Z,38584,54
2021-10-28T15:32:49.000Z,23514,75
2021-12-20T16:14:40.000Z,19540,47
2021-10-27T13:08:21.000Z,59643,2986
2021-10-26T16:10:12.000Z,21781,54
2021-10-31T19:00:40.000Z,54225,76
2021-10-25T20:57:54.000Z,60801,90
2021-10-24T12:30:57.000Z,34460,69
2021-10-21T19:18:13.000Z,53782,92
2021-10-24T18:02:01.000Z,25513,54
2021-10-20T17:24:31.000Z,37082,84
2021-10-23T18:21:30.000Z,48744,75
2021-10-19T19:40:33.000Z,82961,201
2021-10-18T16:27:36.000Z,31017,52
2021-10-19T13:20:02.000Z,52550,217
2021-10-17T19:07:00.000Z,85645,164
2021-10-23T21:32:43.000Z,21700,358
2021-11-07T17:57:59.000Z,51770,87
2021-10-25T18:49:52.000Z,12883,144
2021-10-27T18:59:25.000Z,38201,157
2021-10-30T19:00:12.000Z,65997,85
2021-10-28T20:38:08.000Z,52414,96
2021-11-11T21:13:29.000Z,58049,84
2021-10-22T15:40:29.000Z,80265,154
2021-10-24T21:18:50.000Z,66512,90
2021-11-09T14:37:29.000Z,19285,43
2021-11-01T18:35:16.000Z,52980,101
2021-10-26T20:03:47.000Z,61492,139
2021-10-23T14:21:00.000Z,23914,61
2021-10-21T12:51:29.000Z,22374,103
2021-10-31T15:33:01.000Z,38827,160
